image_couple_name,pair,preprocessing,bin,method,tx,residuo_tx,ty,residuo_ty,theta,residuo_theta,residuo_diag
zh3_01_01,c1,gray,64,powell,-5.882717043926512,0.4749,13.644390648329335,-0.11347,-0.06191,-6e-05,0.48826543139643414
zh3_01_01,c1,gray,64,Nelder-Mead,-5.8783264507352815,0.47929,13.540803982912053,-0.21706,-0.06152,0.00033,0.5261469533927187
zh3_01_01,c1,gray,128,powell,-5.8270168985397905,0.5306,13.65832051617187,-0.09954,-0.06198,-0.00013,0.5398538601523623
zh3_01_01,c1,gray,128,Nelder-Mead,-5.911218967470166,0.4464,13.743342374101871,-0.01452,-0.06237,-0.00052,0.44663177537786114
zh3_01_01,c1,gray,256,powell,-5.862446697689927,0.49517,13.530744148015344,-0.22712,-0.06173,0.00012,0.544768794984881
zh3_01_01,c1,gray,256,Nelder-Mead,-5.890570064076794,0.46704,13.650251207657163,-0.10761,-0.06206,-0.00021,0.47928112458610883
zh3_01_01,c1,hsv_v,64,powell,-5.811905242220371,0.54571,13.657641164020504,-0.10022,-0.06186,-1e-05,0.5548357261933609
zh3_01_01,c1,hsv_v,64,Nelder-Mead,-5.895758555520171,0.46186,13.574882246303702,-0.18298,-0.0618,5e-05,0.49678166670368096
zh3_01_01,c1,hsv_v,128,powell,-5.816510834182726,0.5411,13.756801309290125,-0.00106,-0.06185,0.0,0.5411049333275851
zh3_01_01,c1,hsv_v,128,Nelder-Mead,-5.907635974038207,0.44998,13.611641072076964,-0.14622,-0.06205,-0.0002,0.4731393959735804
zh3_01_01,c1,hsv_v,256,powell,-5.811290645249329,0.54632,13.619140016264964,-0.13872,-0.06159,0.00026,0.5636605986919366
zh3_01_01,c1,hsv_v,256,Nelder-Mead,-5.794391383348499,0.56322,13.649443374101253,-0.10842,-0.06153,0.00032,0.5735631854420853
zh3_01_01,c1,pca,64,powell,-5.944612715383371,0.413,13.620450723380515,-0.13741,-0.0619,-5e-05,0.435260845610381
zh3_01_01,c1,pca,64,Nelder-Mead,-5.91771855552015,0.4399,13.635642246303718,-0.12222,-0.0618,5e-05,0.4565587047292239
zh3_01_01,c1,pca,128,powell,-5.802069634359393,0.55555,13.628641032794917,-0.12922,-0.06187,-2e-05,0.5703752482812543
zh3_01_01,c1,pca,128,Nelder-Mead,-5.788396417662971,0.56922,13.531429359190525,-0.22643,-0.06144,0.00041,0.6126013155693059
zh3_01_01,c1,pca,256,powell,-5.751161970412168,0.60645,13.634411641961975,-0.12345,-0.06183,2e-05,0.61888971128698
zh3_01_01,c1,pca,256,Nelder-Mead,-5.73859475889442,0.61902,13.519691956336573,-0.23817,-0.06119,0.00066,0.6632569592013274
zh3_01_01,c1,gray-gauss-3,64,powell,-5.772555653314702,0.58506,13.650980540356414,-0.10688,-0.06193,-8e-05,0.5947414283213569
zh3_01_01,c1,gray-gauss-3,64,Nelder-Mead,-5.923475678044005,0.43414,13.876669018959603,0.11881,-0.06279,-0.00094,0.45010251693096265
zh3_01_01,c1,gray-gauss-3,128,powell,-5.890631014135094,0.46698,13.826902619895208,0.06904,-0.06252,-0.00067,0.47206001862521607
zh3_01_01,c1,gray-gauss-3,128,Nelder-Mead,-5.898436361731578,0.45918,13.845625031447895,0.08776,-0.06266,-0.00081,0.46749059626144335
zh3_01_01,c1,gray-gauss-3,256,powell,-5.916575370441031,0.44104,13.742801803330138,-0.01506,-0.06236,-0.00051,0.4412963523243235
zh3_01_01,c1,gray-gauss-3,256,Nelder-Mead,-5.669275657076689,0.68834,13.630549825340836,-0.12731,-0.06121,0.00064,0.7000132777226921
zh3_01_01,c1,hsv_v-gauss-3,64,powell,-5.81866096549197,0.53895,13.937316048927102,0.17946,-0.06224,-0.00039,0.568045418642012
zh3_01_01,c1,hsv_v-gauss-3,64,Nelder-Mead,-5.659269334936402,0.69835,13.868807164167237,0.11095,-0.06165,0.0002,0.7071036295247517
zh3_01_01,c1,hsv_v-gauss-3,128,powell,-5.683035466601726,0.67458,13.862079505795549,0.10422,-0.0616,0.00025,0.682582499176549
zh3_01_01,c1,hsv_v-gauss-3,128,Nelder-Mead,-5.669389835288584,0.68822,13.905068058675397,0.14721,-0.06163,0.00022,0.7037923624169758
zh3_01_01,c1,hsv_v-gauss-3,256,powell,-5.621671557533112,0.73594,13.753155893641576,-0.0047,-0.06149,0.00036,0.7359582087964456
zh3_01_01,c1,hsv_v-gauss-3,256,Nelder-Mead,-5.601441082333707,0.75617,13.698678780924524,-0.05918,-0.06122,0.00063,0.7584860032054338
zh3_01_01,c1,pca-gauss-3,64,powell,-5.576950215930227,0.78066,13.736670883811456,-0.02119,-0.0612,0.00065,0.780952027447827
zh3_01_01,c1,pca-gauss-3,64,Nelder-Mead,-5.643950645249305,0.71366,13.670130016264977,-0.08773,-0.06159,0.00026,0.7190361581589296
zh3_01_01,c1,pca-gauss-3,128,powell,-5.479151679644458,0.87846,13.477811521524814,-0.28005,-0.06082,0.00103,0.9220219862324907
zh3_01_01,c1,pca-gauss-3,128,Nelder-Mead,-5.670006521290146,0.68761,13.616777930820035,-0.14108,-0.06146,0.00039,0.7019324974221616
zh3_01_01,c1,pca-gauss-3,256,powell,-5.51377954230705,0.84384,13.54724474901252,-0.21062,-0.0608,0.00105,0.8697221712298863
zh3_01_01,c1,pca-gauss-3,256,Nelder-Mead,-5.5108874473356195,0.84673,13.602776327506263,-0.15508,-0.06062,0.00123,0.8608124488885333
zh3_01_01,c1,gray-gauss-5,64,powell,-5.616916019697088,0.7407,13.88456238454097,0.1267,-0.0614,0.00045,0.7514572837814121
zh3_01_01,c1,gray-gauss-5,64,Nelder-Mead,-5.621986300067727,0.73563,13.865982779339703,0.10812,-0.06154,0.00031,0.7435319104769763
zh3_01_01,c1,gray-gauss-5,128,powell,-5.653385808002081,0.70423,13.728700540782683,-0.02916,-0.06158,0.00027,0.7048323609746879
zh3_01_01,c1,gray-gauss-5,128,Nelder-Mead,-5.5493005543545575,0.80831,13.814774801091971,0.05691,-0.06137,0.00048,0.8103154273109534
zh3_01_01,c1,gray-gauss-5,256,powell,-5.672791296500048,0.68482,13.763563834205286,0.0057,-0.06174,0.00011,0.6848471871960491
zh3_01_01,c1,gray-gauss-5,256,Nelder-Mead,-5.668708771001613,0.68891,13.77849632584838,0.02064,-0.06167,0.00018,0.6892149709374275
zh3_01_01,c1,hsv_v-gauss-5,64,powell,-5.780062281442072,0.57755,13.85219729802617,0.09434,-0.06227,-0.00042,0.5852062359481363
zh3_01_01,c1,hsv_v-gauss-5,64,Nelder-Mead,-5.7136158080021,0.644,13.589220540782662,-0.16864,-0.06158,0.00027,0.6657130886674812
zh3_01_01,c1,hsv_v-gauss-5,128,powell,-5.337132465197403,1.02048,13.654859838554785,-0.103,-0.06055,0.0013,1.0256671541404547
zh3_01_01,c1,hsv_v-gauss-5,128,Nelder-Mead,-5.487744758894406,0.86987,13.751721956336553,-0.00614,-0.06119,0.00066,0.8698916290696859
zh3_01_01,c1,hsv_v-gauss-5,256,powell,-5.491347299263696,0.86627,13.799594775636336,0.04173,-0.06093,0.00092,0.8672721874067805
zh3_01_01,c1,hsv_v-gauss-5,256,Nelder-Mead,-5.427219858689691,0.93039,13.763879911245027,0.00602,-0.0605,0.00135,0.9304143472861738
zh3_01_01,c1,pca-gauss-5,64,powell,-5.340985384089482,1.01663,13.729075295094077,-0.02878,-0.06068,0.00117,1.0170367719866766
zh3_01_01,c1,pca-gauss-5,64,Nelder-Mead,-5.560571502228198,0.79704,13.82408460577227,0.06622,-0.06151,0.00034,0.7997897185825459
zh3_01_01,c1,pca-gauss-5,128,powell,-5.359458576457749,0.99816,13.625966056686792,-0.13189,-0.06029,0.00156,1.006832533349915
zh3_01_01,c1,pca-gauss-5,128,Nelder-Mead,-5.583994945986445,0.77362,13.847917344109078,0.09006,-0.06134,0.00051,0.7788439374755017
zh3_01_01,c1,pca-gauss-5,256,powell,-5.625739634359386,0.73188,13.810521032794924,0.05266,-0.06187,-2e-05,0.7337672187074211
zh3_01_01,c1,pca-gauss-5,256,Nelder-Mead,-5.394254755825976,0.96336,13.57413077505339,-0.18373,-0.06027,0.00158,0.980723666403378
zh3_01_01,c1,gray-gauss-7,64,powell,-5.437566019697089,0.92005,13.785452384540946,0.02759,-0.0614,0.00045,0.9204623654292637
zh3_01_01,c1,gray-gauss-7,64,Nelder-Mead,-5.538781383348509,0.81883,13.899323374101272,0.14146,-0.06153,0.00032,0.8309632414212773
zh3_01_01,c1,gray-gauss-7,128,powell,-5.470079023596892,0.88754,13.872821913699653,0.11496,-0.06095,0.0009,0.8949501943411853
zh3_01_01,c1,gray-gauss-7,128,Nelder-Mead,-5.474826019697092,0.88279,13.789192384540968,0.03133,-0.0614,0.00045,0.8833445656175412
zh3_01_01,c1,gray-gauss-7,256,powell,-5.487280996731421,0.87033,13.729589730860198,-0.02827,-0.06104,0.00081,0.8707927561538075
zh3_01_01,c1,gray-gauss-7,256,Nelder-Mead,-5.487159314653265,0.87046,13.85553345461966,0.09767,-0.06109,0.00076,0.8759182131038955
zh3_01_01,c1,hsv_v-gauss-7,64,powell,-5.922216049486959,0.4354,13.998458674873632,0.2406,-0.06331,-0.00146,0.49745319776640123
zh3_01_01,c1,hsv_v-gauss-7,64,Nelder-Mead,-5.285683454729099,1.07193,13.798011111566126,0.04015,-0.0604,0.00145,1.0726829753762441
zh3_01_01,c1,hsv_v-gauss-7,128,powell,-5.410802281632227,0.94681,13.91008635852657,0.15223,-0.06099,0.00086,0.9589716614947488
zh3_01_01,c1,hsv_v-gauss-7,128,Nelder-Mead,-5.284829858689685,1.07278,13.87261991124501,0.11476,-0.0605,0.00135,1.0789055549924287
zh3_01_01,c1,hsv_v-gauss-7,256,powell,-5.495747262766313,0.86187,13.934595732000076,0.17674,-0.06125,0.0006,0.8798016910237356
zh3_01_01,c1,hsv_v-gauss-7,256,Nelder-Mead,-5.527237452379502,0.83038,14.01127481777371,0.25341,-0.06171,0.00014,0.8681851428438818
zh3_01_01,c1,pca-gauss-7,64,powell,-5.396265285485226,0.96135,13.892461028278774,0.1346,-0.06103,0.00082,0.970726617532268
zh3_01_01,c1,pca-gauss-7,64,Nelder-Mead,-5.400669314653268,0.95695,13.834803454619646,0.07694,-0.06109,0.00076,0.960033754625981
zh3_01_01,c1,pca-gauss-7,128,powell,-5.496461557533131,0.86115,13.984735893641584,0.22688,-0.06149,0.00036,0.8905377097384437
zh3_01_01,c1,pca-gauss-7,128,Nelder-Mead,-5.390674861934812,0.96694,13.874030503819085,0.11617,-0.06096,0.00089,0.9738933581368417
zh3_01_01,c1,pca-gauss-7,256,powell,-5.575234052093753,0.78238,13.86453247584069,0.10667,-0.06179,6e-05,0.7896192261346118
zh3_01_01,c1,pca-gauss-7,256,Nelder-Mead,-5.340236727001159,1.01738,13.932213308965231,0.17435,-0.06039,0.00146,1.0322097867326343
zh3_01_02,c2,gray,64,powell,-17.52076819892458,-0.08262,11.348523099359369,-0.0571,-0.08423,0.0016,0.1004298905429626
zh3_01_02,c2,gray,64,Nelder-Mead,-17.492845227971387,-0.0547,11.364558280908625,-0.04106,-0.08403,0.0018,0.06839501421691234
zh3_01_02,c2,gray,128,powell,-17.574962015128936,-0.13681,11.377366719964499,-0.02826,-0.08427,0.00156,0.13969942698290552
zh3_01_02,c2,gray,128,Nelder-Mead,-17.448625213158422,-0.01048,11.48251883817494,0.0769,-0.08476,0.00107,0.07760596660692338
zh3_01_02,c2,gray,256,powell,-17.611795711926796,-0.17365,11.63328209861885,0.22766,-0.08484,0.00099,0.28632400658389406
zh3_01_02,c2,gray,256,Nelder-Mead,-17.419542258552084,0.01861,11.576664091162485,0.17104,-0.08473,0.0011,0.17205021890159672
zh3_01_02,c2,hsv_v,64,powell,-17.446312832262002,-0.00816,11.581100447865197,0.17548,-0.08477,0.00106,0.17566711961934967
zh3_01_02,c2,hsv_v,64,Nelder-Mead,-17.388836515994903,0.04931,11.479712247149934,0.07409,-0.08442,0.00141,0.08900017567947094
zh3_01_02,c2,hsv_v,128,powell,-17.45667631152029,-0.01853,11.359152924818119,-0.04647,-0.08393,0.0019,0.050026962711722855
zh3_01_02,c2,hsv_v,128,Nelder-Mead,-17.534117203029687,-0.09597,11.53802176074717,0.1324,-0.08495,0.00088,0.16352094891406016
zh3_01_02,c2,hsv_v,256,powell,-17.66024493174823,-0.22209,11.742034469538396,0.33641,-0.08561,0.00022,0.40311133608928157
zh3_01_02,c2,hsv_v,256,Nelder-Mead,-17.448687369300902,-0.01054,11.622100852736907,0.21648,-0.08457,0.00126,0.21673407730310654
zh3_01_02,c2,pca,64,powell,-17.310971390761793,0.12718,11.316844963462046,-0.08878,-0.0836,0.00223,0.15509987418071985
zh3_01_02,c2,pca,64,Nelder-Mead,-17.459318869481265,-0.02117,11.514624618006792,0.109,-0.08435,0.00148,0.11103807033391563
zh3_01_02,c2,pca,128,powell,-17.580661808757043,-0.14251,11.563725513437419,0.1581,-0.08497,0.00086,0.21285200118166234
zh3_01_02,c2,pca,128,Nelder-Mead,-17.550175172799307,-0.11203,11.617806234261167,0.21218,-0.08492,0.00091,0.23994022972305118
zh3_01_02,c2,pca,256,powell,-17.73938630085489,-0.30124,11.743126072742967,0.3375,-0.08526,0.00057,0.45238427838347217
zh3_01_02,c2,pca,256,Nelder-Mead,-17.573722519104336,-0.13557,11.579420588687668,0.1738,-0.08464,0.00119,0.22042110205602888
zh3_01_02,c2,gray-gauss-3,64,powell,-17.645158468231802,-0.20701,11.652518600056396,0.2469,-0.08583,-0.0,0.32219539670306213
zh3_01_02,c2,gray-gauss-3,64,Nelder-Mead,-17.260298865993505,0.17785,11.250290278795603,-0.15533,-0.08331,0.00252,0.2361341371396055
zh3_01_02,c2,gray-gauss-3,128,powell,-17.502941245610963,-0.06479,11.404920760127538,-0.0007,-0.08388,0.00195,0.06479498062599869
zh3_01_02,c2,gray-gauss-3,128,Nelder-Mead,-17.655290569422267,-0.21714,11.284573582859593,-0.12105,-0.08434,0.00149,0.24860204527860094
zh3_01_02,c2,gray-gauss-3,256,powell,-17.456877207084794,-0.01873,11.620949579103183,0.21533,-0.0843,0.00153,0.21613932163825814
zh3_01_02,c2,gray-gauss-3,256,Nelder-Mead,-17.288572905989234,0.14958,11.368206519899871,-0.03742,-0.08374,0.00209,0.15418601575555446
zh3_01_02,c2,hsv_v-gauss-3,64,powell,-17.41073422445224,0.02742,11.473473886523607,0.06785,-0.08395,0.00188,0.07318032836787731
zh3_01_02,c2,hsv_v-gauss-3,64,Nelder-Mead,-17.3260283337696,0.11212,11.427592017871604,0.02197,-0.08391,0.00192,0.1142537449088058
zh3_01_02,c2,hsv_v-gauss-3,128,powell,-17.673878039242258,-0.23573,11.551275134435286,0.14565,-0.08502,0.00081,0.2770960040866666
zh3_01_02,c2,hsv_v-gauss-3,128,Nelder-Mead,-17.664481808757046,-0.22633,11.488495513437414,0.08287,-0.08497,0.00086,0.2410267524401797
zh3_01_02,c2,hsv_v-gauss-3,256,powell,-17.345475507273306,0.09267,11.293115495103649,-0.11251,-0.0835,0.00233,0.1457619008353797
zh3_01_02,c2,hsv_v-gauss-3,256,Nelder-Mead,-17.45241142503936,-0.01426,11.574951787074497,0.16933,-0.0845,0.00133,0.16992821095541608
zh3_01_02,c2,pca-gauss-3,64,powell,-17.647365563972706,-0.20922,11.441268881513594,0.03565,-0.08418,0.00165,0.2122304064759869
zh3_01_02,c2,pca-gauss-3,64,Nelder-Mead,-17.765431425039385,-0.32728,11.251921787074508,-0.1537,-0.0845,0.00133,0.36157595639418233
zh3_01_02,c2,pca-gauss-3,128,powell,-17.78859732734174,-0.35045,11.557283891548025,0.15166,-0.08516,0.00067,0.38185636127597106
zh3_01_02,c2,pca-gauss-3,128,Nelder-Mead,-17.706583368151023,-0.26843,11.264460546700548,-0.14116,-0.08449,0.00134,0.30328748067891226
zh3_01_02,c2,pca-gauss-3,256,powell,-17.627552015128945,-0.1894,11.32761671996451,-0.07801,-0.08427,0.00156,0.2048367366369331
zh3_01_02,c2,pca-gauss-3,256,Nelder-Mead,-17.721292258552083,-0.28314,11.69046409116251,0.28484,-0.08473,0.0011,0.4016265668267461
zh3_01_02,c2,gray-gauss-5,64,powell,-17.404384312515678,0.03377,11.408546133227588,0.00292,-0.08372,0.00211,0.03389204485962811
zh3_01_02,c2,gray-gauss-5,64,Nelder-Mead,-17.4136769883575,0.02447,11.321478079000826,-0.08415,-0.08417,0.00166,0.08763169043721775
zh3_01_02,c2,gray-gauss-5,128,powell,-17.683385172799298,-0.24524,11.493806234261172,0.08818,-0.08492,0.00091,0.260607988128338
zh3_01_02,c2,gray-gauss-5,128,Nelder-Mead,-17.569965276088674,-0.13182,11.270543398826106,-0.13508,-0.08394,0.00189,0.18873730091312005
zh3_01_02,c2,gray-gauss-5,256,powell,-17.35078358131034,0.08737,11.375295584499582,-0.03033,-0.08304,0.00279,0.0924805959905425
zh3_01_02,c2,gray-gauss-5,256,Nelder-Mead,-17.859160340769918,-0.42101,11.445701748609707,0.04008,-0.08515,0.00068,0.42291363956566896
zh3_01_02,c2,hsv_v-gauss-5,64,powell,-17.459367153329854,-0.02122,11.52040566683695,0.11478,-0.08436,0.00147,0.11672706009069116
zh3_01_02,c2,hsv_v-gauss-5,64,Nelder-Mead,-17.412115563972698,0.02603,11.380208881513596,-0.02541,-0.08418,0.00165,0.03638237369330532
zh3_01_02,c2,hsv_v-gauss-5,128,powell,-17.61369349046663,-0.17554,11.46602688537368,0.0604,-0.08454,0.00129,0.18564512264026564
zh3_01_02,c2,hsv_v-gauss-5,128,Nelder-Mead,-17.61904898075789,-0.1809,11.474506334064785,0.06888,-0.08461,0.00122,0.19356993040796736
zh3_01_02,c2,hsv_v-gauss-5,256,powell,-17.53833542096789,-0.10019,11.523786729349808,0.11816,-0.08437,0.00146,0.15491853357155005
zh3_01_02,c2,hsv_v-gauss-5,256,Nelder-Mead,-17.43673813138618,0.00141,11.745887296926867,0.34026,-0.08487,0.00096,0.34026714527389446
zh3_01_02,c2,pca-gauss-5,64,powell,-17.799912635930816,-0.36176,11.57402152715349,0.1684,-0.08524,0.00059,0.39903657696282574
zh3_01_02,c2,pca-gauss-5,64,Nelder-Mead,-17.61675097847567,-0.1786,11.428085722012725,0.02246,-0.08445,0.00138,0.18000792831517606
zh3_01_02,c2,pca-gauss-5,128,powell,-17.752972832261996,-0.31482,11.322630447865208,-0.08299,-0.08477,0.00106,0.32557817486088
zh3_01_02,c2,pca-gauss-5,128,Nelder-Mead,-17.769340435149438,-0.33119,11.45262207123153,0.047,-0.08478,0.00105,0.33450853820927884
zh3_01_02,c2,pca-gauss-5,256,powell,-17.630307814262437,-0.19216,12.08212268940298,0.6765,-0.08634,-0.00051,0.7032612019725203
zh3_01_02,c2,pca-gauss-5,256,Nelder-Mead,-17.464716136185817,-0.02657,11.267685765787121,-0.13794,-0.08348,0.00235,0.14047227040627713
zh3_01_02,c2,gray-gauss-7,64,powell,-17.22661661003722,0.21153,10.895465044336618,-0.51016,-0.08188,0.00395,0.5522749566370029
zh3_01_02,c2,gray-gauss-7,64,Nelder-Mead,-17.181716452866475,0.25643,10.839030094706317,-0.56659,-0.08235,0.00348,0.6219210664698392
zh3_01_02,c2,gray-gauss-7,128,powell,-17.41539665459557,0.02275,11.235429372720034,-0.17019,-0.08313,0.0027,0.17170793908257032
zh3_01_02,c2,gray-gauss-7,128,Nelder-Mead,-17.734917153329835,-0.29677,11.300105666836942,-0.10552,-0.08436,0.00147,0.314967658095457
zh3_01_02,c2,gray-gauss-7,256,powell,-17.78586684308754,-0.34772,11.424477738593936,0.01885,-0.08462,0.00121,0.3482275857016001
zh3_01_02,c2,gray-gauss-7,256,Nelder-Mead,-18.046936069135246,-0.60879,11.469557857374838,0.06393,-0.08586,-3e-05,0.6121340104046558
zh3_01_02,c2,hsv_v-gauss-7,64,powell,-17.356957545302762,0.08119,11.432085406179425,0.02646,-0.08367,0.00216,0.08539602413565793
zh3_01_02,c2,hsv_v-gauss-7,64,Nelder-Mead,-17.233406426344274,0.20474,11.394915921674254,-0.01071,-0.08347,0.00236,0.2050234216888233
zh3_01_02,c2,hsv_v-gauss-7,128,powell,-17.461795774601967,-0.02365,11.45326893770033,0.04765,-0.08383,0.002,0.053190665848296736
zh3_01_02,c2,hsv_v-gauss-7,128,Nelder-Mead,-17.42333631152028,0.01481,11.29973292481813,-0.10589,-0.08393,0.0019,0.10692133873266065
zh3_01_02,c2,hsv_v-gauss-7,256,powell,-17.57364142503936,-0.13549,11.6200017870745,0.21438,-0.0845,0.00133,0.2536062627349883
zh3_01_02,c2,hsv_v-gauss-7,256,Nelder-Mead,-17.480253201297224,-0.0421,11.72993381771343,0.32431,-0.08485,0.00098,0.3270323033558445
zh3_01_02,c2,pca-gauss-7,64,powell,-17.36276862951444,0.07538,11.486243287828643,0.08062,-0.08324,0.00259,0.11037200510342961
zh3_01_02,c2,pca-gauss-7,64,Nelder-Mead,-17.27929563272274,0.15885,11.40551200931344,-0.00011,-0.08276,0.00307,0.15885447747771203
zh3_01_02,c2,pca-gauss-7,128,powell,-17.6398165159949,-0.20167,11.232222247149934,-0.1734,-0.08442,0.00141,0.265964667013012
zh3_01_02,c2,pca-gauss-7,128,Nelder-Mead,-17.46248310581837,-0.02433,11.593889990083909,0.18827,-0.08386,0.00197,0.18983288858150082
zh3_01_02,c2,pca-gauss-7,256,powell,-17.37102218381659,0.06713,11.66994036826037,0.26432,-0.08387,0.00196,0.27270823526956134
zh3_01_02,c2,pca-gauss-7,256,Nelder-Mead,-17.912142232270437,-0.47399,11.40575331355734,0.00013,-0.08511,0.00072,0.4739921787920512
zh3_02_02,c3,gray,64,powell,37.892931644832856,-1.4431,-10.414340916975277,2.09036,0.1593,0.00066,2.540105880461825
zh3_02_02,c3,gray,64,Nelder-Mead,37.891450599557345,-1.44458,-10.327243975564073,2.17745,0.15931,0.00067,2.6130687192986124
zh3_02_02,c3,gray,128,powell,37.98503792060529,-1.35099,-10.381236912542079,2.12346,0.15973,0.00109,2.5167992379523882
zh3_02_02,c3,gray,128,Nelder-Mead,37.92001354528027,-1.41602,-10.279344111658446,2.22535,0.15872,8e-05,2.637672252598242
zh3_02_02,c3,gray,256,powell,38.20709740677134,-1.12894,-10.519798842008043,1.9849,0.16021,0.00157,2.283489377401125
zh3_02_02,c3,gray,256,Nelder-Mead,37.948741316549814,-1.38729,-10.387616291076114,2.11708,0.15913,0.00049,2.531129563513483
zh3_02_02,c3,hsv_v,64,powell,37.9186790257809,-1.41735,-10.307179337804456,2.19752,0.15943,0.00079,2.614953994612504
zh3_02_02,c3,hsv_v,64,Nelder-Mead,37.91033440577127,-1.4257,-10.263859418594734,2.24084,0.15866,2e-05,2.655932594064259
zh3_02_02,c3,hsv_v,128,powell,37.97479549023832,-1.36124,-10.319618337208112,2.18508,0.15978,0.00114,2.5744017779096056
zh3_02_02,c3,hsv_v,128,Nelder-Mead,37.9290690257809,-1.40696,-10.276169337804447,2.22853,0.15943,0.00079,2.6355059321635306
zh3_02_02,c3,hsv_v,256,powell,37.955273212960684,-1.38076,-10.402701349646549,2.102,0.15837,-0.00027,2.5149336314638915
zh3_02_02,c3,hsv_v,256,Nelder-Mead,37.85983008851687,-1.4762,-10.276917463301572,2.22778,0.15969,0.00105,2.6724866763265376
zh3_02_02,c3,pca,64,powell,17.26314930211349,-22.07288,262.77131908701534,275.27602,-0.21926,-0.3779,276.15955223566357
zh3_02_02,c3,pca,64,Nelder-Mead,37.893267057674,-1.44277,-10.288695366191547,2.216,0.15925,0.00061,2.644285366941412
zh3_02_02,c3,pca,128,powell,37.547526721018485,-1.78851,-10.037739729470502,2.46696,0.15734,-0.0013,3.047071066181722
zh3_02_02,c3,pca,128,Nelder-Mead,37.85028891954056,-1.48574,-10.261571842445136,2.24313,0.15869,5e-05,2.690549077374638
zh3_02_02,c3,pca,256,powell,13.314855993778103,-26.02118,32.76863627237799,45.27334,0.02017,-0.13847,52.21854583002629
zh3_02_02,c3,pca,256,Nelder-Mead,37.886609309829986,-1.44942,-10.406699025555156,2.098,0.15923,0.00059,2.549986739487459
zh3_02_02,c3,gray-gauss-3,64,powell,38.300147825010015,-1.03589,-10.305854349139139,2.19884,0.16105,0.00241,2.43063271888463
zh3_02_02,c3,gray-gauss-3,64,Nelder-Mead,38.16526795689766,-1.17076,-10.26860613912524,2.23609,0.16026,0.00162,2.5240446817791256
zh3_02_02,c3,gray-gauss-3,128,powell,38.03220691118986,-1.30383,-10.213751533993843,2.29095,0.15975,0.00111,2.635982210567834
zh3_02_02,c3,gray-gauss-3,128,Nelder-Mead,37.916376115901954,-1.41966,-10.07737166814971,2.42733,0.15799,-0.00065,2.8119998322347075
zh3_02_02,c3,gray-gauss-3,256,powell,37.951607996380915,-1.38442,-10.392569011933972,2.11213,0.16003,0.00139,2.5254158339220956
zh3_02_02,c3,gray-gauss-3,256,Nelder-Mead,37.89839002464356,-1.43764,-10.324592205222842,2.18011,0.15874,0.0001,2.611452162883433
zh3_02_02,c3,hsv_v-gauss-3,64,powell,38.05381391004684,-1.28222,-10.298436090618623,2.20626,0.15949,0.00085,2.55179961736531
zh3_02_02,c3,hsv_v-gauss-3,64,Nelder-Mead,38.11446606202668,-1.22157,-10.179683037879727,2.32502,0.15895,0.00031,2.62639000793606
zh3_02_02,c3,hsv_v-gauss-3,128,powell,38.48170090915461,-0.85433,-10.777147715441686,1.72755,0.16182,0.00318,1.9272561782016626
zh3_02_02,c3,hsv_v-gauss-3,128,Nelder-Mead,37.7561441000086,-1.57989,-10.02208037182541,2.48262,0.1571,-0.00154,2.9426932495692766
zh3_02_02,c3,hsv_v-gauss-3,256,powell,9.617560074872657,-29.71847,34.57269579399082,47.07739,0.01576,-0.14288,55.67287240414763
zh3_02_02,c3,hsv_v-gauss-3,256,Nelder-Mead,38.0216505780014,-1.31438,-10.36812195432907,2.13658,0.15892,0.00028,2.5084979753200844
zh3_02_02,c3,pca-gauss-3,64,powell,37.914091519952116,-1.42194,-10.370034234937407,2.13466,0.15952,0.00088,2.564899740421395
zh3_02_02,c3,pca-gauss-3,64,Nelder-Mead,38.16186189817577,-1.17417,-10.259337818283143,2.24536,0.15987,0.00123,2.5338358466776865
zh3_02_02,c3,pca-gauss-3,128,powell,11.745452169596765,-27.59058,34.54895088124553,47.05365,0.0166,-0.14204,54.5461832422049
zh3_02_02,c3,pca-gauss-3,128,Nelder-Mead,38.10556556558008,-1.23047,-10.275540575113268,2.22916,0.15947,0.00083,2.546212258580549
zh3_02_02,c3,pca-gauss-3,256,powell,38.016076364668386,-1.31996,-10.419219591123124,2.08548,0.15917,0.00053,2.468098328226259
zh3_02_02,c3,pca-gauss-3,256,Nelder-Mead,38.28720867376721,-1.04882,-10.387461626266713,2.11724,0.15999,0.00135,2.362779314878807
zh3_02_02,c3,gray-gauss-5,64,powell,38.26776908697254,-1.06826,-10.159217830244245,2.34548,0.15997,0.00133,2.5772988187141803
zh3_02_02,c3,gray-gauss-5,64,Nelder-Mead,38.227286377997544,-1.10875,-10.11593263661456,2.38877,0.15959,0.00095,2.633538169909465
zh3_02_02,c3,gray-gauss-5,128,powell,38.220467333990484,-1.11557,-10.26507733098174,2.23962,0.1602,0.00156,2.502077431589455
zh3_02_02,c3,gray-gauss-5,128,Nelder-Mead,38.18399532425948,-1.15204,-10.148990039102785,2.35571,0.15871,7e-05,2.62231862888394
zh3_02_02,c3,gray-gauss-5,256,powell,31.96298062070407,-7.37305,298.6874286963897,311.19213,0.00825,-0.15039,311.2794599757469
zh3_02_02,c3,gray-gauss-5,256,Nelder-Mead,37.98873071669692,-1.3473,-9.835889095095297,2.66881,0.15763,-0.00101,2.989610200232181
zh3_02_02,c3,hsv_v-gauss-5,64,powell,38.27986829395256,-1.05616,-10.2806517822645,2.22405,0.16057,0.00193,2.4620863968350943
zh3_02_02,c3,hsv_v-gauss-5,64,Nelder-Mead,38.40264448692726,-0.93339,-10.1800080216737,2.32469,0.16081,0.00217,2.5050752058937276
zh3_02_02,c3,hsv_v-gauss-5,128,powell,38.269079945759984,-1.06695,-9.979179323242533,2.52552,0.15886,0.00022,2.741648761557755
zh3_02_02,c3,hsv_v-gauss-5,128,Nelder-Mead,38.16963778615879,-1.1664,-10.080829279302321,2.42387,0.15908,0.00044,2.6899110920684923
zh3_02_02,c3,hsv_v-gauss-5,256,powell,38.03404864666943,-1.30198,-10.017791128904463,2.48691,0.15725,-0.00139,2.8071112277798425
zh3_02_02,c3,hsv_v-gauss-5,256,Nelder-Mead,38.228557583988945,-1.10748,-10.08941629189286,2.41528,0.15916,0.00052,2.6570833325224243
zh3_02_02,c3,pca-gauss-5,64,powell,38.04866210820051,-1.28737,-9.869778225442474,2.63492,0.15891,0.00027,2.9325979465452883
zh3_02_02,c3,pca-gauss-5,64,Nelder-Mead,38.294250661554244,-1.04178,-10.117285058005308,2.38741,0.15968,0.00104,2.6048138641841074
zh3_02_02,c3,pca-gauss-5,128,powell,38.20444581997741,-1.13159,-10.560347151616043,1.94435,0.16052,0.00188,2.2496651276252995
zh3_02_02,c3,pca-gauss-5,128,Nelder-Mead,38.14175021483986,-1.19428,-10.199767575354826,2.30493,0.15899,0.00035,2.5959621948499456
zh3_02_02,c3,pca-gauss-5,256,powell,37.759629389603376,-1.5764,-10.021664974942524,2.48303,0.15754,-0.0011,2.9411742017313673
zh3_02_02,c3,pca-gauss-5,256,Nelder-Mead,38.125056773422685,-1.21098,-10.215906935675434,2.28879,0.15888,0.00024,2.589407655686707
zh3_02_02,c3,gray-gauss-7,64,powell,3.5743143610148245,-35.76172,37.054464198925245,49.55916,-0.00148,-0.16012,61.11473769530679
zh3_02_02,c3,gray-gauss-7,64,Nelder-Mead,38.37185549715272,-0.96418,-10.202071140854883,2.30263,0.16069,0.00205,2.4963438939847205
zh3_02_02,c3,gray-gauss-7,128,powell,38.37227227868385,-0.96376,-10.258717542547998,2.24598,0.16064,0.002,2.4440267928903645
zh3_02_02,c3,gray-gauss-7,128,Nelder-Mead,38.29098835337233,-1.04504,-9.976573138051009,2.52813,0.15887,0.00023,2.735605630511872
zh3_02_02,c3,gray-gauss-7,256,powell,38.15087765131179,-1.18516,-9.794468472971431,2.71023,0.15806,-0.00058,2.958030110968129
zh3_02_02,c3,gray-gauss-7,256,Nelder-Mead,38.344697365863155,-0.99134,-10.037474740979093,2.46722,0.15901,0.00037,2.6589361370183315
zh3_02_02,c3,hsv_v-gauss-7,64,powell,38.38457948262737,-0.95145,-10.19838692003296,2.30631,0.16034,0.0017,2.4948624672462447
zh3_02_02,c3,hsv_v-gauss-7,64,Nelder-Mead,38.350388310237136,-0.98564,-10.08319535349699,2.4215,0.16001,0.00137,2.6144167357332986
zh3_02_02,c3,hsv_v-gauss-7,128,powell,38.39409059955736,-0.94194,-9.87406397556407,2.63063,0.15931,0.00067,2.794189615122053
zh3_02_02,c3,hsv_v-gauss-7,128,Nelder-Mead,38.29128646736874,-1.04475,-9.960862716031102,2.54384,0.15909,0.00045,2.750017787879029
zh3_02_02,c3,hsv_v-gauss-7,256,powell,38.0229572507169,-1.31308,-10.020910350429801,2.48379,0.15731,-0.00133,2.809514799148067
zh3_02_02,c3,hsv_v-gauss-7,256,Nelder-Mead,37.94630093826962,-1.38973,-9.755612030348175,2.74909,0.15703,-0.00161,3.080395063921492
zh3_02_02,c3,pca-gauss-7,64,powell,38.5042163645739,-0.83182,-9.65058213187234,2.85412,0.15788,-0.00076,2.9728608268692094
zh3_02_02,c3,pca-gauss-7,64,Nelder-Mead,38.45511189817577,-0.88092,-10.007347818283165,2.49735,0.15987,0.00123,2.648166238912898
zh3_02_02,c3,pca-gauss-7,128,powell,38.24868073584274,-1.08735,-9.539397718343395,2.9653,0.15868,4e-05,3.1583771235472775
zh3_02_02,c3,pca-gauss-7,128,Nelder-Mead,38.393287822043405,-0.94275,-10.122014714104125,2.38268,0.16025,0.00161,2.562411441210774
zh3_02_02,c3,pca-gauss-7,256,powell,38.2177713165498,-1.11826,-9.898006291076115,2.60669,0.15913,0.00049,2.8364335925722393
zh3_02_02,c3,pca-gauss-7,256,Nelder-Mead,38.28352175142952,-1.05251,-10.271780729315793,2.23292,0.1594,0.00076,2.4685427774477007
zh3_02_03,c4,gray,64,powell,-1.3557731160857251,29.89154,26.92807816917201,-7.56724,-0.01584,0.13563,30.83451103286361
zh3_02_03,c4,gray,64,Nelder-Mead,-29.94591099863121,1.3014,35.63180852858008,1.13649,-0.15266,-0.00119,1.727786085884384
zh3_02_03,c4,gray,128,powell,-29.815093969629206,1.43222,35.865154814127976,1.36984,-0.1526,-0.00113,1.9818399161057112
zh3_02_03,c4,gray,128,Nelder-Mead,-29.809800135238977,1.43751,35.51368560876293,1.01837,-0.15166,-0.00019,1.7616759065919776
zh3_02_03,c4,gray,256,powell,-29.602122347581957,1.64519,35.89108739276796,1.39577,-0.1509,0.00057,2.157500404931625
zh3_02_03,c4,gray,256,Nelder-Mead,-30.023229782095843,1.22408,36.00749443669838,1.51217,-0.15398,-0.00251,1.9455188695161425
zh3_02_03,c4,hsv_v,64,powell,-30.070548946023358,1.17676,35.653492681034834,1.15817,-0.15369,-0.00222,1.6510996275628325
zh3_02_03,c4,hsv_v,64,Nelder-Mead,-22.889521287963987,8.35779,33.03573278538224,-1.45959,-0.11813,0.03334,8.484280298802929
zh3_02_03,c4,hsv_v,128,powell,-29.74372459514275,1.50358,35.56036881565254,1.06505,-0.15118,0.00029,1.8425788648147963
zh3_02_03,c4,hsv_v,128,Nelder-Mead,-30.085762492638107,1.16155,35.90039121918858,1.40507,-0.15363,-0.00216,1.82302426923228
zh3_02_03,c4,hsv_v,256,powell,-30.367014307319845,0.88029,36.03435575511949,1.53904,-0.15749,-0.00602,1.7730064575813338
zh3_02_03,c4,hsv_v,256,Nelder-Mead,-30.00300072751699,1.24431,35.83363137719249,1.33831,-0.15352,-0.00205,1.8273977252098565
zh3_02_03,c4,pca,64,powell,-30.297096543759373,0.95021,36.115562276361715,1.62024,-0.1532,-0.00173,1.8783213153893934
zh3_02_03,c4,pca,64,Nelder-Mead,-29.910380975049858,1.33693,35.839792063752554,1.34447,-0.15255,-0.00108,1.8960442365939834
zh3_02_03,c4,pca,128,powell,-29.8756392896884,1.37167,35.77786612680529,1.28255,-0.15423,-0.00276,1.8778723012960232
zh3_02_03,c4,pca,128,Nelder-Mead,-28.22523935525436,3.02207,35.109371458325825,0.61405,-0.14512,0.00635,3.083823292811546
zh3_02_03,c4,pca,256,powell,-26.53894027980923,4.70837,36.592314496393016,2.097,-0.18395,-0.03248,5.15423381984567
zh3_02_03,c4,pca,256,Nelder-Mead,-30.091564084489217,1.15575,35.91798077927305,1.42266,-0.15311,-0.00164,1.832951741399815
zh3_02_03,c4,gray-gauss-3,64,powell,-1.254081936628444,29.99323,26.501552231993514,-7.99377,-0.01549,0.13598,31.04019968652732
zh3_02_03,c4,gray-gauss-3,64,Nelder-Mead,-30.06890394201617,1.17841,35.49981425493874,1.00449,-0.15131,0.00016,1.5484343104852865
zh3_02_03,c4,gray-gauss-3,128,powell,-29.662413893751975,1.5849,35.74848865448101,1.25317,-0.15077,0.0007,2.020476738389344
zh3_02_03,c4,gray-gauss-3,128,Nelder-Mead,-29.89970070508891,1.34761,35.716434499685334,1.22112,-0.15141,6e-05,1.8185628054186707
zh3_02_03,c4,gray-gauss-3,256,powell,-30.4045945694787,0.84271,35.868490481769555,1.37317,-0.15453,-0.00306,1.6111383177244787
zh3_02_03,c4,gray-gauss-3,256,Nelder-Mead,-30.132862186393204,1.11445,35.67251257706491,1.17719,-0.15374,-0.00227,1.6210415957401552
zh3_02_03,c4,hsv_v-gauss-3,64,powell,-16.395496253166733,14.85181,17.6205217745501,-16.8748,-0.13687,0.0146,22.47966068296136
zh3_02_03,c4,hsv_v-gauss-3,64,Nelder-Mead,-30.03902397105143,1.20829,35.37432150491773,0.879,-0.15157,-0.0001,1.4941880249723174
zh3_02_03,c4,hsv_v-gauss-3,128,powell,-30.012444881463352,1.23486,35.681793071402865,1.18647,-0.1541,-0.00263,1.7124863775141923
zh3_02_03,c4,hsv_v-gauss-3,128,Nelder-Mead,-29.59555390164612,1.65176,35.389691461713454,0.89437,-0.15108,0.00039,1.8783495199272846
zh3_02_03,c4,hsv_v-gauss-3,256,powell,-33.5673776957309,-2.32007,22.597044346149687,-11.89828,-0.16309,-0.01162,12.122362310148016
zh3_02_03,c4,hsv_v-gauss-3,256,Nelder-Mead,-29.999901671336264,1.24741,35.63459895180611,1.13928,-0.1528,-0.00133,1.6893736646641628
zh3_02_03,c4,pca-gauss-3,64,powell,-30.069493977726204,1.17782,35.531279102376516,1.03596,-0.15325,-0.00178,1.5685857160126457
zh3_02_03,c4,pca-gauss-3,64,Nelder-Mead,-29.933152866960704,1.31416,35.55316932996769,1.05785,-0.15178,-0.00031,1.6870249818182246
zh3_02_03,c4,pca-gauss-3,128,powell,-30.013724548264587,1.23358,35.19707349127117,0.70175,-0.15053,0.00094,1.4192215723601718
zh3_02_03,c4,pca-gauss-3,128,Nelder-Mead,-30.30898969049095,0.93832,35.71066935272765,1.21535,-0.15362,-0.00215,1.5354214193595463
zh3_02_03,c4,pca-gauss-3,256,powell,-30.8576000391028,0.38971,35.858755324259505,1.36344,-0.15871,-0.00724,1.4180376052596024
zh3_02_03,c4,pca-gauss-3,256,Nelder-Mead,-30.285427976491786,0.96188,36.09366949950163,1.59835,-0.15475,-0.00328,1.8654593064759635
zh3_02_03,c4,gray-gauss-5,64,powell,0.045645926383220514,31.29296,26.538754408000813,-7.95657,-0.00755,0.14392,32.28863528260926
zh3_02_03,c4,gray-gauss-5,64,Nelder-Mead,-30.254540944922063,0.99277,35.421832197822056,0.92651,-0.15202,-0.00055,1.3579450367332673
zh3_02_03,c4,gray-gauss-5,128,powell,-30.515198093380437,0.73211,35.64602564045123,1.15071,-0.15448,-0.00301,1.363859028606527
zh3_02_03,c4,gray-gauss-5,128,Nelder-Mead,-30.196407525472203,1.0509,35.48336146095804,0.98804,-0.15218,-0.00071,1.442435922391398
zh3_02_03,c4,gray-gauss-5,256,powell,-30.38904428219523,0.85826,35.66823055515968,1.17291,-0.15269,-0.00122,1.453388858492233
zh3_02_03,c4,gray-gauss-5,256,Nelder-Mead,-30.23686402789945,1.01045,35.46571214911731,0.97039,-0.15225,-0.00078,1.4009502061981154
zh3_02_03,c4,hsv_v-gauss-5,64,powell,-30.344422817084833,0.90289,35.54518917733574,1.04987,-0.15249,-0.00102,1.384713077758769
zh3_02_03,c4,hsv_v-gauss-5,64,Nelder-Mead,-10.240874410196618,21.00643,17.52683504580827,-16.96848,-0.11807,0.0334,27.003699111929226
zh3_02_03,c4,hsv_v-gauss-5,128,powell,-30.352852529714045,0.89446,35.5790981063403,1.08378,-0.153,-0.00153,1.4052149139237566
zh3_02_03,c4,hsv_v-gauss-5,128,Nelder-Mead,-30.235378040241727,1.01193,35.47322159481382,0.9779,-0.1522,-0.00073,1.4072303724095387
zh3_02_03,c4,hsv_v-gauss-5,256,powell,-30.149268310717552,1.09804,35.419332012166706,0.92401,-0.15358,-0.00211,1.4350933958157575
zh3_02_03,c4,hsv_v-gauss-5,256,Nelder-Mead,-30.323613977726204,0.9237,35.58315910237653,1.08784,-0.15325,-0.00178,1.4270977601703114
zh3_02_03,c4,pca-gauss-5,64,powell,-30.1080975371806,1.13921,35.3577392202275,0.86242,-0.15136,0.00011,1.4288355810575843
zh3_02_03,c4,pca-gauss-5,64,Nelder-Mead,-30.172375344312517,1.07493,35.383858103652415,0.88854,-0.15162,-0.00015,1.3946267518604136
zh3_02_03,c4,pca-gauss-5,128,powell,-30.235704823114034,1.0116,35.191433676339926,0.69611,-0.15258,-0.00111,1.2279733180907835
zh3_02_03,c4,pca-gauss-5,128,Nelder-Mead,-30.15403910384683,1.09327,35.29873875878016,0.80342,-0.15161,-0.00014,1.3567321517099415
zh3_02_03,c4,pca-gauss-5,256,powell,-30.262623856496838,0.98469,35.85901689633948,1.3637,-0.15438,-0.00291,1.682045184288163
zh3_02_03,c4,pca-gauss-5,256,Nelder-Mead,-30.22907141744905,1.01824,35.47905324642815,0.98373,-0.15313,-0.00166,1.415817929124219
zh3_02_03,c4,gray-gauss-7,64,powell,-1.4879004825290467,29.75941,27.21273418700386,-7.28259,-0.0124,0.13907,30.63753345010515
zh3_02_03,c4,gray-gauss-7,64,Nelder-Mead,-30.58635475185466,0.66095,35.488105965167364,0.99279,-0.15298,-0.00151,1.19268012605156
zh3_02_03,c4,gray-gauss-7,128,powell,-30.250669246800737,0.99664,35.1689400471121,0.67362,-0.15045,0.00102,1.2029363835422693
zh3_02_03,c4,gray-gauss-7,128,Nelder-Mead,-30.340235388294797,0.90707,35.36773235059036,0.87241,-0.15201,-0.00054,1.258525807623762
zh3_02_03,c4,gray-gauss-7,256,powell,-30.46498051662592,0.78233,35.34799988223028,0.85268,-0.15339,-0.00192,1.1571958020853397
zh3_02_03,c4,gray-gauss-7,256,Nelder-Mead,-30.219084876713683,1.02822,35.259398952831816,0.76408,-0.15089,0.00058,1.281039728461958
zh3_02_03,c4,hsv_v-gauss-7,64,powell,-30.327907348684814,0.9194,35.35210330277016,0.85678,-0.15196,-0.00049,1.256733215131963
zh3_02_03,c4,hsv_v-gauss-7,64,Nelder-Mead,-10.205928406495467,21.04138,17.60265239887761,-16.89267,-0.11444,0.03703,26.98336350371734
zh3_02_03,c4,hsv_v-gauss-7,128,powell,-30.43248431528781,0.81482,35.46085603144314,0.96554,-0.15241,-0.00094,1.2634082958071229
zh3_02_03,c4,hsv_v-gauss-7,128,Nelder-Mead,-30.329126563822008,0.91818,35.3718176389572,0.8765,-0.15182,-0.00035,1.2693732581211379
zh3_02_03,c4,hsv_v-gauss-7,256,powell,-30.214569434945506,1.03274,35.057439539831904,0.56212,-0.15345,-0.00198,1.1758105519432338
zh3_02_03,c4,hsv_v-gauss-7,256,Nelder-Mead,-30.352776484450796,0.89453,35.37715205760921,0.88183,-0.15203,-0.00056,1.256112083521925
zh3_02_03,c4,pca-gauss-7,64,powell,-16.22821358134661,15.0191,3.9086788609799044,-30.58664,-0.09282,0.05865,34.07514952984568
zh3_02_03,c4,pca-gauss-7,64,Nelder-Mead,-30.282106571635428,0.9652,35.2636401067233,0.76832,-0.15159,-0.00012,1.2336663990525805
zh3_02_03,c4,pca-gauss-7,128,powell,-30.22107936254692,1.02623,35.06614147998772,0.57082,-0.15209,-0.00062,1.1743021355496528
zh3_02_03,c4,pca-gauss-7,128,Nelder-Mead,-30.238023942016163,1.00929,35.20086425493872,0.70554,-0.15131,0.00016,1.231442342290496
zh3_02_03,c4,pca-gauss-7,256,powell,-30.49345848660808,0.75385,35.50468177887922,1.00936,-0.15222,-0.00075,1.2598028605666391
zh3_02_03,c4,pca-gauss-7,256,Nelder-Mead,-30.68015766648969,0.56715,35.538389185239,1.04307,-0.15332,-0.00185,1.1872890840512815
zh1_01_01,c5,gray,64,powell,-40.389761303221306,8.81322,0.49462628867811986,-20.85182,-0.16406,0.07734,22.637832501346438
zh1_01_01,c5,gray,64,Nelder-Mead,-52.99104982429432,-3.78807,25.96208368457468,4.61563,-0.24088,0.00052,5.971057002596201
zh1_01_01,c5,gray,128,powell,-53.00723223790755,-3.80425,25.916810132624846,4.57036,-0.24076,0.00064,5.946469650730925
zh1_01_01,c5,gray,128,Nelder-Mead,-53.0505350099529,-3.84755,26.102702339938787,4.75625,-0.24181,-0.00041,6.117645766981911
zh1_01_01,c5,gray,256,powell,-33.506528293185895,15.69645,2.449066070129902,-18.89739,-0.17535,0.06605,24.566029817422887
zh1_01_01,c5,gray,256,Nelder-Mead,-53.010225105783455,-3.80724,25.95601188687428,4.60956,-0.24092,0.00048,5.978557556132974
zh1_01_01,c5,hsv_v,64,powell,-30.81102551548084,18.39196,-2.667547730092622,-24.014,-0.13392,0.10748,30.247912405283568
zh1_01_01,c5,hsv_v,64,Nelder-Mead,-52.996036434282445,-3.79305,26.07809903856088,4.73165,-0.24184,-0.00044,6.064301596803625
zh1_01_01,c5,hsv_v,128,powell,-53.0455087993653,-3.84253,25.897214886973785,4.55076,-0.24097,0.00043,5.956044241870931
zh1_01_01,c5,hsv_v,128,Nelder-Mead,-53.02660855861391,-3.82363,25.92383517335631,4.57738,-0.24148,-8e-05,5.964274035051425
zh1_01_01,c5,hsv_v,256,powell,-53.193692568586826,-3.99071,26.248044437434515,4.90159,-0.24315,-0.00175,6.320711019650341
zh1_01_01,c5,hsv_v,256,Nelder-Mead,-53.040568558613906,-3.83759,25.91425517335631,4.5678,-0.24148,-8e-05,5.965895105013363
zh1_01_01,c5,pca,64,powell,-56.069406393232924,-6.86642,15.749910533724716,-5.59654,-0.24892,-0.00752,8.858275990687645
zh1_01_01,c5,pca,64,Nelder-Mead,-53.04100167109829,-3.83802,26.072749238935074,4.7263,-0.24175,-0.00035,6.0883732480773585
zh1_01_01,c5,pca,128,powell,-53.105460636288846,-3.90248,25.87190126238221,4.52545,-0.24179,-0.00039,5.9757040140518365
zh1_01_01,c5,pca,128,Nelder-Mead,-53.08102619000368,-3.87804,26.049300228713804,4.70285,-0.24177,-0.00037,6.095573508515775
zh1_01_01,c5,pca,256,powell,-53.03871154870496,-3.83573,26.116351303667557,4.7699,-0.24202,-0.00062,6.120847067645302
zh1_01_01,c5,pca,256,Nelder-Mead,-53.02653110483447,-3.82355,26.14281401267735,4.79636,-0.24199,-0.00059,6.133891475946161
zh1_01_01,c5,gray-gauss-3,64,powell,-52.93884303269013,-3.73586,26.152614222026727,4.80616,-0.24163,-0.00023,6.087352567203807
zh1_01_01,c5,gray-gauss-3,64,Nelder-Mead,-52.93648879273132,-3.73351,26.21183273202095,4.86538,-0.2419,-0.0005,6.132781672812151
zh1_01_01,c5,gray-gauss-3,128,powell,-52.88987290563199,-3.68689,26.135872900907003,4.78942,-0.24159,-0.00019,6.04414802890393
zh1_01_01,c5,gray-gauss-3,128,Nelder-Mead,-52.921221104834466,-3.71824,26.288304012677344,4.94185,-0.24199,-0.00059,6.18443302789872
zh1_01_01,c5,gray-gauss-3,256,powell,-53.02226400477299,-3.81928,26.374282683850197,5.02783,-0.24293,-0.00153,6.313953206642294
zh1_01_01,c5,gray-gauss-3,256,Nelder-Mead,-52.9163247458731,-3.71334,26.225621456985436,4.87917,-0.24188,-0.00048,6.131493893149374
zh1_01_01,c5,hsv_v-gauss-3,64,powell,-35.69542381444582,13.50756,2.0696813149319837,-19.27677,-0.1852,0.0562,23.538223875222076
zh1_01_01,c5,hsv_v-gauss-3,64,Nelder-Mead,-52.862303539414135,-3.65932,26.213214626710766,4.86676,-0.24185,-0.00045,6.089008210219534
zh1_01_01,c5,hsv_v-gauss-3,128,powell,-299.37075695499465,-250.16778,6.961601328600011,-14.38485,-0.00325,0.23815,250.58100406255497
zh1_01_01,c5,hsv_v-gauss-3,128,Nelder-Mead,-53.04461767990093,-3.84164,26.355249325560607,5.0088,-0.24273,-0.00133,6.312386553471918
zh1_01_01,c5,hsv_v-gauss-3,256,powell,-52.94902793761559,-3.74605,26.194369765372585,4.84792,-0.242,-0.0006,6.126595727687269
zh1_01_01,c5,hsv_v-gauss-3,256,Nelder-Mead,-53.03578821851719,-3.83281,26.250774015501094,4.90432,-0.24252,-0.00112,6.224370364385563
zh1_01_01,c5,pca-gauss-3,64,powell,-52.897687342406996,-3.69471,26.235104510837346,4.88865,-0.24144,-4e-05,6.127787477718097
zh1_01_01,c5,pca-gauss-3,64,Nelder-Mead,-53.016218218517174,-3.81324,26.308614015501092,4.96216,-0.24252,-0.00112,6.258101221810442
zh1_01_01,c5,pca-gauss-3,128,powell,-53.06234444638175,-3.85936,26.461298045711203,5.11485,-0.24324,-0.00184,6.407521937972497
zh1_01_01,c5,pca-gauss-3,128,Nelder-Mead,-52.97463717045451,-3.77166,26.25927124850145,4.91282,-0.24153,-0.00013,6.19364062431578
zh1_01_01,c5,pca-gauss-3,256,powell,-53.08897065065336,-3.88599,26.288706744434336,4.94226,-0.24321,-0.00181,6.287034143078151
zh1_01_01,c5,pca-gauss-3,256,Nelder-Mead,-53.05181323233285,-3.84883,26.219545756409474,4.87309,-0.24233,-0.00093,6.209714410715936
zh1_01_01,c5,gray-gauss-5,64,powell,-51.618848641755214,-2.41587,-16.633130772850677,-37.97958,-0.15512,0.08628,38.05634062421605
zh1_01_01,c5,gray-gauss-5,64,Nelder-Mead,-52.85977396410782,-3.65679,26.206455141732988,4.86,-0.24114,0.00026,6.0820856937379615
zh1_01_01,c5,gray-gauss-5,128,powell,-52.973484004773,-3.7705,26.475022683850227,5.12857,-0.24293,-0.00153,6.365448251864503
zh1_01_01,c5,gray-gauss-5,128,Nelder-Mead,-52.90172007986676,-3.69874,26.3650451042287,5.01859,-0.24223,-0.00083,6.234336272803031
zh1_01_01,c5,gray-gauss-5,256,powell,-52.94224108184685,-3.73926,26.37043214311882,5.02398,-0.24281,-0.00141,6.262782417695803
zh1_01_01,c5,gray-gauss-5,256,Nelder-Mead,-52.94261810481232,-3.73964,26.471978933545557,5.12553,-0.24288,-0.00148,6.344754790395725
zh1_01_01,c5,hsv_v-gauss-5,64,powell,-52.87992168995524,-3.67694,26.396941454688033,5.05049,-0.24214,-0.00074,6.2471863980383695
zh1_01_01,c5,hsv_v-gauss-5,64,Nelder-Mead,-52.79671566149666,-3.59373,26.25649935022551,4.91005,-0.24119,0.00021,6.084693505116317
zh1_01_01,c5,hsv_v-gauss-5,128,powell,-55.12502316872486,-5.92204,16.788125889414886,-4.55833,-0.24274,-0.00134,7.473212366639546
zh1_01_01,c5,hsv_v-gauss-5,128,Nelder-Mead,-52.89353526674165,-3.69055,26.330937895547947,4.98449,-0.2421,-0.0007,6.202039312707944
zh1_01_01,c5,hsv_v-gauss-5,256,powell,-301.34329135803483,-252.14031,-2.334808416029489,-23.68126,-0.01045,0.23095,253.24995108895575
zh1_01_01,c5,hsv_v-gauss-5,256,Nelder-Mead,-52.949154127527756,-3.74617,26.287626493595354,4.94118,-0.24238,-0.00098,6.200727337337209
zh1_01_01,c5,pca-gauss-5,64,powell,-52.92268394652881,-3.7197,26.370224224873567,5.02377,-0.2412,0.0002,6.250958213334462
zh1_01_01,c5,pca-gauss-5,64,Nelder-Mead,-52.914357079573506,-3.71138,26.34661829304747,5.00017,-0.24173,-0.00033,6.227035935945901
zh1_01_01,c5,pca-gauss-5,128,powell,-52.964706664030764,-3.76172,26.559248754130465,5.2128,-0.24338,-0.00198,6.428361485982365
zh1_01_01,c5,pca-gauss-5,128,Nelder-Mead,-52.90293921629267,-3.69996,26.41924318476856,5.07279,-0.24226,-0.00086,6.278766003210225
zh1_01_01,c5,pca-gauss-5,256,powell,-52.78040909960548,-3.57743,25.86835542294139,4.5219,-0.23982,0.00158,5.765900021762401
zh1_01_01,c5,pca-gauss-5,256,Nelder-Mead,-52.944480779999914,-3.7415,26.275307122365405,4.92886,-0.2422,-0.0008,6.1880881089982775
zh1_01_01,c5,gray-gauss-7,64,powell,-52.93923323233284,-3.73625,26.51865575640946,5.1722,-0.24233,-0.00093,6.380538679989945
zh1_01_01,c5,gray-gauss-7,64,Nelder-Mead,-52.743528005467645,-3.54055,26.357713539516254,5.01126,-0.24161,-0.00021,6.135814274856689
zh1_01_01,c5,gray-gauss-7,128,powell,-52.85867669138739,-3.65569,26.54277554167379,5.19632,-0.24318,-0.00178,6.353415689261281
zh1_01_01,c5,gray-gauss-7,128,Nelder-Mead,-52.952923050595146,-3.74994,26.59245938688494,5.24601,-0.24349,-0.00209,6.448461861608414
zh1_01_01,c5,gray-gauss-7,256,powell,-52.870293699291274,-3.66731,26.46257915087304,5.11613,-0.24291,-0.00151,6.294755030819422
zh1_01_01,c5,gray-gauss-7,256,Nelder-Mead,-52.90059601573537,-3.69761,26.45997966590099,5.11353,-0.2432,-0.0018,6.310350495611763
zh1_01_01,c5,hsv_v-gauss-7,64,powell,-52.72120614977484,-3.51822,26.348354163923403,5.0019,-0.24099,0.00041,6.115303343802856
zh1_01_01,c5,hsv_v-gauss-7,64,Nelder-Mead,-52.73741510578346,-3.53443,26.33809188687428,4.99164,-0.24092,0.00048,6.116264766109312
zh1_01_01,c5,hsv_v-gauss-7,128,powell,-52.78611431039128,-3.58313,26.436091150339905,5.08964,-0.24219,-0.00079,6.224409413481658
zh1_01_01,c5,hsv_v-gauss-7,128,Nelder-Mead,-52.68803510578348,-3.48505,26.292341886874283,4.94589,-0.24092,0.00048,6.050407456539716
zh1_01_01,c5,hsv_v-gauss-7,256,powell,-53.00473087545368,-3.80175,26.67522761012441,5.32878,-0.24662,-0.00522,6.545926454637075
zh1_01_01,c5,hsv_v-gauss-7,256,Nelder-Mead,-52.783146312629505,-3.58016,26.28127731981715,4.93483,-0.24091,0.00049,6.096727476028187
zh1_01_01,c5,pca-gauss-7,64,powell,-52.763244091875556,-3.56026,26.648399049987603,5.30195,-0.24276,-0.00136,6.386400998612045
zh1_01_01,c5,pca-gauss-7,64,Nelder-Mead,-52.78574449998018,-3.58276,26.657057253798143,5.31061,-0.24301,-0.00161,6.406147386949597
zh1_01_01,c5,pca-gauss-7,128,powell,-52.85962494236255,-3.65664,26.514362254378085,5.16791,-0.24278,-0.00138,6.330745837272302
zh1_01_01,c5,pca-gauss-7,128,Nelder-Mead,-52.92823723811711,-3.72526,26.688011343520998,5.34156,-0.2436,-0.0022,6.512280087945282
zh1_01_01,c5,pca-gauss-7,256,powell,-52.81956936759392,-3.61659,26.62548634385479,5.27904,-0.24358,-0.00218,6.399055930508849
zh1_01_01,c5,pca-gauss-7,256,Nelder-Mead,-52.894103190550084,-3.69112,26.68500375510257,5.33855,-0.24389,-0.00249,6.49034048461549
zh1_01_02,c6,gray,64,powell,65.93685015696661,2.71012,-43.86705819542658,6.19382,0.25693,-0.00206,6.760778502776936
zh1_01_02,c6,gray,64,Nelder-Mead,66.61743944910401,3.39071,-44.34997040804373,5.71091,0.2584,-0.00059,6.641637244235446
zh1_01_02,c6,gray,128,powell,66.52710647264993,3.30037,-44.33493416958456,5.72594,0.25842,-0.00057,6.609000466518987
zh1_01_02,c6,gray,128,Nelder-Mead,66.56660166159196,3.33987,-44.32978639528335,5.73109,0.25868,-0.00031,6.633258856885462
zh1_01_02,c6,gray,256,powell,66.57774310887032,3.35101,-44.346695469812005,5.71418,0.25871,-0.00028,6.624284127753064
zh1_01_02,c6,gray,256,Nelder-Mead,66.59816578172357,3.37143,-44.35177441313715,5.7091,0.25887,-0.00012,6.630264872471367
zh1_01_02,c6,hsv_v,64,powell,66.84569667805098,3.61896,-44.4101175181429,5.65076,0.25932,0.00033,6.7102892763405
zh1_01_02,c6,hsv_v,64,Nelder-Mead,66.81890116525219,3.59217,-44.40109272080372,5.65978,0.25933,0.00034,6.703493978118214
zh1_01_02,c6,hsv_v,128,powell,66.59324590326139,3.36651,-44.29410399767818,5.76677,0.25882,-0.00017,6.677505587318731
zh1_01_02,c6,hsv_v,128,Nelder-Mead,66.5181127960742,3.29138,-44.32307423764365,5.7378,0.25863,-0.00036,6.614798733878847
zh1_01_02,c6,hsv_v,256,powell,66.29740959148126,3.07068,-44.22327968018365,5.8376,0.25766,-0.00133,6.59595312134075
zh1_01_02,c6,hsv_v,256,Nelder-Mead,66.62228536184743,3.39555,-44.38182439603359,5.67905,0.25904,5e-05,6.6167526256649305
zh1_01_02,c6,pca,64,powell,66.76337045242087,3.53664,-44.433309713206114,5.62757,0.25898,-1e-05,6.646602085046773
zh1_01_02,c6,pca,64,Nelder-Mead,40.162007250021176,-23.06472,-29.331111451254586,20.72977,0.24047,-0.01852,31.011364103808244
zh1_01_02,c6,pca,128,powell,43.6051051663614,-19.62163,-31.45572511154151,18.60515,0.24034,-0.01865,27.03996879340405
zh1_01_02,c6,pca,128,Nelder-Mead,39.9809940239728,-23.24574,-29.32985583577714,20.73102,0.2414,-0.01759,31.147063565117914
zh1_01_02,c6,pca,256,powell,42.50031517335629,-20.72642,-30.7951385586139,19.26574,0.24148,-0.01751,28.29757989962903
zh1_01_02,c6,pca,256,Nelder-Mead,66.31376595333451,3.08703,-44.46824349977071,5.59263,0.25839,-0.0006,6.388060934879163
zh1_01_02,c6,gray-gauss-3,64,powell,66.3403959533345,3.11366,-44.329983499770705,5.73089,0.25839,-0.0006,6.522119120506714
zh1_01_02,c6,gray-gauss-3,64,Nelder-Mead,66.42697287729816,3.20024,-44.26182024972452,5.79906,0.25808,-0.00091,6.623488134699814
zh1_01_02,c6,gray-gauss-3,128,powell,66.69622532451925,3.46949,-44.446151246224815,5.61473,0.25861,-0.00038,6.600191165979374
zh1_01_02,c6,gray-gauss-3,128,Nelder-Mead,66.70044187638109,3.47371,-44.40351841538458,5.65736,0.25891,-8e-05,6.638701728159486
zh1_01_02,c6,gray-gauss-3,256,powell,43.356778293047455,-19.86995,-31.233577079573507,18.8273,0.24173,-0.01726,27.37302099743065
zh1_01_02,c6,gray-gauss-3,256,Nelder-Mead,66.56390166159196,3.33717,-44.34634639528335,5.71453,0.25868,-0.00031,6.617594395432762
zh1_01_02,c6,hsv_v-gauss-3,64,powell,66.54601654784892,3.31928,-44.376870705846954,5.68401,0.25864,-0.00035,6.582216320703848
zh1_01_02,c6,hsv_v-gauss-3,64,Nelder-Mead,66.81921017161022,3.59248,-44.410213071090425,5.65066,0.25935,0.00036,6.695961198612983
zh1_01_02,c6,hsv_v-gauss-3,128,powell,66.60452905496425,3.3778,-44.41056775110292,5.65031,0.25862,-0.00037,6.582970589317239
zh1_01_02,c6,hsv_v-gauss-3,128,Nelder-Mead,66.76309064838975,3.53636,-44.414957276912446,5.64592,0.25917,0.00018,6.661999411792968
zh1_01_02,c6,hsv_v-gauss-3,256,powell,66.62440118363213,3.39767,-44.454378661416314,5.6065,0.25903,4e-05,6.55568255419695
zh1_01_02,c6,hsv_v-gauss-3,256,Nelder-Mead,66.78704566310535,3.56031,-44.43685790511958,5.62402,0.25934,0.00035,6.656231540200163
zh1_01_02,c6,pca-gauss-3,64,powell,66.7738590772691,3.54713,-44.493638359176714,5.56724,0.2595,0.00051,6.601231005771617
zh1_01_02,c6,pca-gauss-3,64,Nelder-Mead,66.82325566310533,3.59652,-44.503757905119585,5.55712,0.25934,0.00035,6.619407018963148
zh1_01_02,c6,pca-gauss-3,128,powell,66.84834944363985,3.62162,-44.50980478819136,5.55107,0.25989,0.0009,6.628009489260781
zh1_01_02,c6,pca-gauss-3,128,Nelder-Mead,66.82741418920483,3.60068,-44.48190907950803,5.57897,0.25976,0.00077,6.640014266271115
zh1_01_02,c6,pca-gauss-3,256,powell,38.864972212676456,-24.36176,-28.63356417811565,21.42731,0.23914,-0.01985,32.44418393032206
zh1_01_02,c6,pca-gauss-3,256,Nelder-Mead,66.69239202937811,3.46566,-44.44304871921642,5.61783,0.25942,0.00043,6.600817240287914
zh1_01_02,c6,gray-gauss-5,64,powell,67.11585222561317,3.88912,-44.542309095294144,5.51857,0.26005,0.00106,6.751284464647908
zh1_01_02,c6,gray-gauss-5,64,Nelder-Mead,67.02220116393298,3.79547,-44.478795236452044,5.58208,0.25924,0.00025,6.750201260922052
zh1_01_02,c6,gray-gauss-5,128,powell,66.7733931459387,3.54666,-44.46486292144361,5.59601,0.25953,0.00054,6.625267770898212
zh1_01_02,c6,gray-gauss-5,128,Nelder-Mead,66.7460240593011,3.51929,-44.44462622449578,5.61625,0.25894,-5e-05,6.627796281958128
zh1_01_02,c6,gray-gauss-5,256,powell,66.7819611309013,3.55523,-44.41328094687708,5.6476,0.25961,0.00062,6.673454090288459
zh1_01_02,c6,gray-gauss-5,256,Nelder-Mead,66.6914620255542,3.46473,-44.46235626623913,5.59852,0.25915,0.00016,6.583903308749981
zh1_01_02,c6,hsv_v-gauss-5,64,powell,66.85165421821239,3.62492,-44.54310825256837,5.51777,0.25847,-0.00052,6.601956319295753
zh1_01_02,c6,hsv_v-gauss-5,64,Nelder-Mead,66.88250907726908,3.65578,-44.42918835917672,5.63169,0.2595,0.00051,6.714210086917937
zh1_01_02,c6,hsv_v-gauss-5,128,powell,66.71080436021285,3.48407,-44.35890061301035,5.70198,0.25988,0.00089,6.682162005415549
zh1_01_02,c6,hsv_v-gauss-5,128,Nelder-Mead,66.76490667805098,3.53817,-44.45630751814289,5.60457,0.25932,0.00033,6.627961474830331
zh1_01_02,c6,hsv_v-gauss-5,256,powell,66.89907422528452,3.67234,-44.661252207596135,5.39962,0.25986,0.00087,6.5300872570938004
zh1_01_02,c6,hsv_v-gauss-5,256,Nelder-Mead,66.8021232803608,3.57539,-44.50508180009206,5.55579,0.25929,0.0003,6.606835650369403
zh1_01_02,c6,pca-gauss-5,64,powell,39.83471971947122,-23.39201,-29.245973416046695,20.8149,0.23942,-0.01957,31.312081468971705
zh1_01_02,c6,pca-gauss-5,64,Nelder-Mead,66.56000779835628,3.33328,-44.4062623019729,5.65461,0.25885,-0.00014,6.5639461588816435
zh1_01_02,c6,pca-gauss-5,128,powell,66.52022240093132,3.29349,-44.53172689392537,5.52915,0.25876,-0.00023,6.435726398256807
zh1_01_02,c6,pca-gauss-5,128,Nelder-Mead,66.49783546668777,3.2711,-44.485272771797696,5.5756,0.25869,-0.0003,6.46432322311982
zh1_01_02,c6,pca-gauss-5,256,powell,66.48574590326137,3.25901,-44.530033997678174,5.53084,0.25882,-0.00017,6.419609825387893
zh1_01_02,c6,pca-gauss-5,256,Nelder-Mead,66.45288079370609,3.22615,-44.50849809447307,5.55238,0.25873,-0.00026,6.421599638888088
zh1_01_02,c6,gray-gauss-7,64,powell,66.16890403992213,2.94217,-44.55021734518468,5.51066,0.25695,-0.00204,6.246898485242543
zh1_01_02,c6,gray-gauss-7,64,Nelder-Mead,66.741624854089,3.51489,-44.40175601569152,5.65912,0.25821,-0.00078,6.66184030465379
zh1_01_02,c6,gray-gauss-7,128,powell,66.73000657944311,3.50327,-44.57819524151901,5.48268,0.25806,-0.00093,6.506360452070964
zh1_01_02,c6,gray-gauss-7,128,Nelder-Mead,67.06517917378358,3.83845,-44.45415797736314,5.60672,0.25985,0.00086,6.794775120594845
zh1_01_02,c6,gray-gauss-7,256,powell,66.81921314593872,3.59248,-44.520322921443594,5.54055,0.25953,0.00054,6.603306329721678
zh1_01_02,c6,gray-gauss-7,256,Nelder-Mead,66.78736037891156,3.56063,-44.516409519247446,5.54447,0.25965,0.00066,6.5893238130545875
zh1_01_02,c6,hsv_v-gauss-7,64,powell,66.98378536184744,3.75705,-44.4076343960336,5.65324,0.25904,5e-05,6.787827041360662
zh1_01_02,c6,hsv_v-gauss-7,64,Nelder-Mead,67.16755928742765,3.94083,-44.26360641947858,5.79727,0.25987,0.00088,7.009883004642235
zh1_01_02,c6,hsv_v-gauss-7,128,powell,66.58999223046754,3.36326,-44.42925187715829,5.63162,0.25852,-0.00047,6.55947521909442
zh1_01_02,c6,hsv_v-gauss-7,128,Nelder-Mead,66.81177017161022,3.58504,-44.55047307109041,5.5104,0.25935,0.00036,6.5739671721196835
zh1_01_02,c6,hsv_v-gauss-7,256,powell,66.59866629133145,3.37193,-44.59036312373195,5.47051,0.25877,-0.00022,6.426231967245262
zh1_01_02,c6,hsv_v-gauss-7,256,Nelder-Mead,66.47642031028823,3.24969,-44.56515715571268,5.49572,0.25865,-0.00034,6.384622551361556
zh1_01_02,c6,pca-gauss-7,64,powell,66.19230586491969,2.96557,-44.430848547067825,5.63003,0.25853,-0.00046,6.363320137453747
zh1_01_02,c6,pca-gauss-7,64,Nelder-Mead,66.89664172890897,3.66991,-44.66445131383358,5.39643,0.26003,0.00104,6.526074001655803
zh1_01_02,c6,pca-gauss-7,128,powell,66.87170280520337,3.64497,-44.79343338679374,5.26744,0.2604,0.00141,6.405604480914205
zh1_01_02,c6,pca-gauss-7,128,Nelder-Mead,66.81905844175333,3.59233,-44.74112660758749,5.31975,0.26041,0.00142,6.419076870229541
zh1_01_02,c6,pca-gauss-7,256,powell,349.0559567784163,285.82922,-38.10779081216879,11.95309,0.22973,-0.02926,286.07904826982934
zh1_01_02,c6,pca-gauss-7,256,Nelder-Mead,67.25566700037871,4.02893,-44.92943131430414,5.13145,0.2619,0.00291,6.524112686933053
zh1_01_01,c7,gray,64,powell,-10.626318936222402,6.00041,-13.56926892877857,-46.90217,0.00053,0.33012,47.284439578087294
zh1_01_01,c7,gray,64,Nelder-Mead,-25.25088732217238,-8.62416,26.810539212455666,-6.52236,-0.33026,-0.00067,10.81283342763254
zh1_01_01,c7,gray,128,powell,-8.517711335053338,8.10901,-17.64337592081199,-50.97627,-0.17643,0.15316,51.61721322995976
zh1_01_01,c7,gray,128,Nelder-Mead,-25.294687645274237,-8.66796,26.779894580635386,-6.553,-0.33082,-0.00123,10.866253134641791
zh1_01_01,c7,gray,256,powell,-25.301965104529614,-8.67524,26.831108594233314,-6.50179,-0.33062,-0.00103,10.84126760126802
zh1_01_01,c7,gray,256,Nelder-Mead,-25.302609330106797,-8.67589,26.719511846917356,-6.61339,-0.33019,-0.0006,10.909072940055708
zh1_01_01,c7,hsv_v,64,powell,-25.18460278853628,-8.55788,26.63899191918898,-6.69391,-0.32913,0.00046,10.864882785761575
zh1_01_01,c7,hsv_v,64,Nelder-Mead,-25.31621736092469,-8.68949,26.747058765575076,-6.58584,-0.33069,-0.0011,10.903237270023835
zh1_01_01,c7,hsv_v,128,powell,-5.591187733209704,11.03554,-17.900390278691106,-51.23329,-0.17861,0.15098,52.40832951852444
zh1_01_01,c7,hsv_v,128,Nelder-Mead,-25.283112732696182,-8.65639,26.738440820013352,-6.59446,-0.33041,-0.00082,10.882092680188013
zh1_01_01,c7,hsv_v,256,powell,-25.142891647206824,-8.51617,26.85607688584213,-6.47682,-0.32989,-0.0003,10.699267856719628
zh1_01_01,c7,hsv_v,256,Nelder-Mead,-25.324798188935382,-8.69807,26.718880052367155,-6.61402,-0.33098,-0.00139,10.927110219021651
zh1_01_01,c7,pca,64,powell,-25.31721904983135,-8.69049,26.603958185628983,-6.72894,-0.32937,0.00022,10.991057511240985
zh1_01_01,c7,pca,64,Nelder-Mead,-25.29875047161459,-8.67203,26.800095754617388,-6.5328,-0.33065,-0.00106,10.85732738167256
zh1_01_01,c7,pca,128,powell,-25.30401047161461,-8.67729,26.873235754617383,-6.45966,-0.33065,-0.00106,10.817695976869457
zh1_01_01,c7,pca,128,Nelder-Mead,-25.288385369357513,-8.66166,26.66216698115329,-6.67073,-0.32981,-0.00022,10.93265932299578
zh1_01_01,c7,pca,256,powell,-25.275534940960412,-8.64881,26.725596335101756,-6.6073,-0.33042,-0.00083,10.883858494324835
zh1_01_01,c7,pca,256,Nelder-Mead,-25.284698609398255,-8.65797,26.66111709831341,-6.67178,-0.32979,-0.0002,10.930379435802884
zh1_01_01,c7,gray-gauss-3,64,powell,-8.169395952242631,8.45733,-16.810497202849092,-50.1434,-0.18271,0.14688,50.85161345480374
zh1_01_01,c7,gray-gauss-3,64,Nelder-Mead,-25.148249082956873,-8.52152,26.842897925255443,-6.49,-0.33035,-0.00076,10.711512510597807
zh1_01_01,c7,gray-gauss-3,128,powell,-7.800014223622423,8.82671,-17.616495601360498,-50.94939,-0.17735,0.15224,51.70833227343365
zh1_01_01,c7,gray-gauss-3,128,Nelder-Mead,-25.252891255045824,-8.62617,27.022126793856245,-6.31077,-0.3315,-0.00191,10.688152499397896
zh1_01_01,c7,gray-gauss-3,256,powell,-5.876237832377191,10.75049,-64.48137783262284,-97.81428,-0.00017,0.32942,98.4032810567825
zh1_01_01,c7,gray-gauss-3,256,Nelder-Mead,-25.266051497379316,-8.63933,26.99115986328391,-6.34174,-0.33152,-0.00193,10.71707195940158
zh1_01_01,c7,hsv_v-gauss-3,64,powell,-7.735831480157245,8.89089,-17.664707165366252,-50.99761,-0.1753,0.15429,51.766821567616496
zh1_01_01,c7,hsv_v-gauss-3,64,Nelder-Mead,-25.238112832612984,-8.61139,27.091621310805635,-6.24128,-0.33229,-0.0027,10.63529789518136
zh1_01_01,c7,hsv_v-gauss-3,128,powell,-13.507618085701537,3.11911,2.7164284457336407,-30.61647,-0.25952,0.07007,30.774942669238214
zh1_01_01,c7,hsv_v-gauss-3,128,Nelder-Mead,-25.261101928831465,-8.63438,27.07975072093356,-6.25315,-0.33222,-0.00263,10.660879049454554
zh1_01_01,c7,hsv_v-gauss-3,256,powell,-4.512576692268486,12.11415,-4.388316692731536,-37.72122,-0.00021,0.32938,39.61871639876742
zh1_01_01,c7,hsv_v-gauss-3,256,Nelder-Mead,-25.265003853130366,-8.63828,26.84790790779556,-6.48499,-0.33114,-0.00155,10.801619545388142
zh1_01_01,c7,pca-gauss-3,64,powell,-25.163755667183494,-8.53703,27.026032998859904,-6.30687,-0.33068,-0.00109,10.614022092835569
zh1_01_01,c7,pca-gauss-3,64,Nelder-Mead,-25.16748782104912,-8.54076,27.003352749531388,-6.32955,-0.33137,-0.00178,10.630512637174226
zh1_01_01,c7,pca-gauss-3,128,powell,-3.741405911319613,12.88532,-61.577231341647945,-94.91013,0.01391,0.3435,95.78081374692817
zh1_01_01,c7,pca-gauss-3,128,Nelder-Mead,-25.216610478070308,-8.58989,27.044392455379864,-6.28851,-0.33169,-0.0021,10.645725000376641
zh1_01_01,c7,pca-gauss-3,256,powell,-2.232305671063589,14.39442,-25.617996260962485,-58.9509,-0.12782,0.20177,60.6828422673845
zh1_01_01,c7,pca-gauss-3,256,Nelder-Mead,-25.250840471614588,-8.62412,26.827665754617385,-6.50523,-0.33065,-0.00106,10.802473837910012
zh1_01_01,c7,gray-gauss-5,64,powell,-28.759392278081805,-12.13267,8.332787009408037,-25.00011,-0.32807,0.00152,27.788617025459935
zh1_01_01,c7,gray-gauss-5,64,Nelder-Mead,-25.104379865259325,-8.47766,26.962225201725374,-6.37067,-0.33049,-0.0009,10.604533473740998
zh1_01_01,c7,gray-gauss-5,128,powell,-8.43309212138735,8.19363,-17.61116422353888,-50.94406,-0.17521,0.15438,51.59877122130775
zh1_01_01,c7,gray-gauss-5,128,Nelder-Mead,-25.20645032808997,-8.57973,27.16286906266592,-6.17003,-0.33192,-0.00233,10.567921735066808
zh1_01_01,c7,gray-gauss-5,256,powell,-10.241389812496871,6.38533,-11.484079812503126,-44.81698,-5e-05,0.32954,45.26957136268819
zh1_01_01,c7,gray-gauss-5,256,Nelder-Mead,-25.16924190788835,-8.54252,27.124785699810047,-6.20811,-0.33203,-0.00244,10.560079520716183
zh1_01_01,c7,hsv_v-gauss-5,64,powell,-4.502379392518236,12.12434,-8.500559392481762,-41.83346,9e-05,0.32968,43.554999535209404
zh1_01_01,c7,hsv_v-gauss-5,64,Nelder-Mead,-25.057005980553782,-8.43028,27.17531036833458,-6.15759,-0.33182,-0.00223,10.43961438977599
zh1_01_01,c7,hsv_v-gauss-5,128,powell,-21.595307232480685,-4.96858,-6.488611816849158,-39.82151,-0.12728,0.20231,40.13028215195837
zh1_01_01,c7,hsv_v-gauss-5,128,Nelder-Mead,-25.162868483239038,-8.53614,27.25908853952751,-6.07381,-0.33296,-0.00337,10.47649429265677
zh1_01_01,c7,hsv_v-gauss-5,256,powell,-25.24921636482152,-8.62249,27.119050738106722,-6.21385,-0.33252,-0.00293,10.628230393317587
zh1_01_01,c7,hsv_v-gauss-5,256,Nelder-Mead,-25.168183302321744,-8.54146,27.175109239156086,-6.15779,-0.33212,-0.00253,10.529715013971213
zh1_01_01,c7,pca-gauss-5,64,powell,-12.199647640724955,4.42708,-8.52646267897245,-41.85936,-0.01847,0.31112,42.09281616513781
zh1_01_01,c7,pca-gauss-5,64,Nelder-Mead,-25.16892564238797,-8.5422,27.208470843442825,-6.12443,-0.33132,-0.00173,10.510843242241414
zh1_01_01,c7,pca-gauss-5,128,powell,-1.9583481539236214,14.66838,-65.53984533553376,-98.87274,0.03505,0.36464,99.95489403773067
zh1_01_01,c7,pca-gauss-5,128,Nelder-Mead,-25.192686786770423,-8.56596,27.248373758345792,-6.08453,-0.33197,-0.00238,10.507005395580947
zh1_01_01,c7,pca-gauss-5,256,powell,-16.963394750771428,-0.33667,-15.886701234459764,-49.2196,-0.24433,0.08526,49.22075172564872
zh1_01_01,c7,pca-gauss-5,256,Nelder-Mead,-25.178371769566226,-8.55165,27.142692699617527,-6.19021,-0.33157,-0.00198,10.556956480846946
zh1_01_01,c7,gray-gauss-7,64,powell,-25.13956312767128,-8.51284,27.356039203956954,-5.97686,-0.33343,-0.00384,10.401503715818995
zh1_01_01,c7,gray-gauss-7,64,Nelder-Mead,-24.930263855821522,-8.30354,27.086084525061096,-6.24681,-0.33056,-0.00097,10.390931713494439
zh1_01_01,c7,gray-gauss-7,128,powell,-7.754601847503707,8.87212,-16.839847472037633,-50.17275,-0.18052,0.14907,50.95114376282119
zh1_01_01,c7,gray-gauss-7,128,Nelder-Mead,-25.07875633024097,-8.45203,27.432704937104887,-5.90019,-0.33293,-0.00334,10.307722203616297
zh1_01_01,c7,gray-gauss-7,256,powell,-24.241187275746064,-7.61446,-12.851744551053912,-46.18464,-0.27101,0.05858,46.80813340562266
zh1_01_01,c7,gray-gauss-7,256,Nelder-Mead,-25.103130464527773,-8.47641,27.42936222541215,-5.90354,-0.33299,-0.0034,10.329627753445799
zh1_01_01,c7,hsv_v-gauss-7,64,powell,-42.646386021297985,-26.01966,12.155140725359843,-21.17776,-0.33198,-0.00239,33.54877414980389
zh1_01_01,c7,hsv_v-gauss-7,64,Nelder-Mead,-24.984660070482242,-8.35794,27.36154780881307,-5.97135,-0.33144,-0.00185,10.271909608156902
zh1_01_01,c7,hsv_v-gauss-7,128,powell,-4.423565327862134,12.20316,-7.505305312140564,-40.8382,0.00068,0.33027,42.62248261431457
zh1_01_01,c7,hsv_v-gauss-7,128,Nelder-Mead,-25.064916364821514,-8.43819,27.430820738106746,-5.90208,-0.33252,-0.00293,10.297456712122093
zh1_01_01,c7,hsv_v-gauss-7,256,powell,-27.501982070748497,-10.87526,-11.101873420172666,-44.43477,-0.27937,0.05022,45.74625928203932
zh1_01_01,c7,hsv_v-gauss-7,256,Nelder-Mead,-25.13588013300155,-8.50916,27.43026471650367,-5.90263,-0.33323,-0.00364,10.35600434955777
zh1_01_01,c7,pca-gauss-7,64,powell,-12.414843914261212,4.21188,-36.630395714195075,-69.96329,-0.17638,0.15321,70.08996042222228
zh1_01_01,c7,pca-gauss-7,64,Nelder-Mead,-25.113800594593783,-8.48708,27.575247734611906,-5.75765,-0.33338,-0.00379,10.255779527499952
zh1_01_01,c7,pca-gauss-7,128,powell,-5.513927816354354,11.1128,-3.1682875437655866,-36.50119,0.00176,0.33135,38.15535176388696
zh1_01_01,c7,pca-gauss-7,128,Nelder-Mead,-25.130028885704846,-8.5033,27.62687804050421,-5.70602,-0.33419,-0.0046,10.240354762178523
zh1_01_01,c7,pca-gauss-7,256,powell,-34.191886928696256,-17.56516,-13.19048022839317,-46.52338,-0.29413,0.03546,49.72886245065789
zh1_01_01,c7,pca-gauss-7,256,Nelder-Mead,-25.1350264961525,-8.5083,27.484235711853387,-5.84866,-0.33371,-0.00412,10.324634140024628
zh1_01_02,c8,gray,64,powell,-3.7460424235730585,5.96236,63.78117174228444,-9.64094,-0.29698,0.0006,11.335672318922184
zh1_01_02,c8,gray,64,Nelder-Mead,-4.227490173931855,5.48091,64.1738223417156,-9.24829,-0.2983,-0.00072,10.750407546272116
zh1_01_02,c8,gray,128,powell,-4.015195181193555,5.69321,63.9669648993914,-9.45515,-0.29677,0.00081,11.036866262969093
zh1_01_02,c8,gray,128,Nelder-Mead,-4.032555581808623,5.67585,63.99243484640681,-9.42968,-0.29728,0.0003,11.006091499782057
zh1_01_02,c8,gray,256,powell,-4.080455967688465,5.62795,64.0228637764086,-9.39925,-0.29752,6e-05,10.955348012085416
zh1_01_02,c8,gray,256,Nelder-Mead,-4.143773562120643,5.56463,64.06970624523498,-9.35241,-0.29768,-0.0001,10.882673818721205
zh1_01_02,c8,hsv_v,64,powell,10.98050992013323,20.68891,21.402115104228727,-52.02,-0.24223,0.05535,55.98313325373535
zh1_01_02,c8,hsv_v,64,Nelder-Mead,-4.091285192839841,5.61712,64.04350203841469,-9.37861,-0.2973,0.00028,10.932078136133196
zh1_01_02,c8,hsv_v,128,powell,-4.213023562120654,5.49538,64.12876624523497,-9.29335,-0.29768,-0.0001,10.796548796263448
zh1_01_02,c8,hsv_v,128,Nelder-Mead,-4.148309711151072,5.56009,64.08320226010142,-9.33891,-0.29772,-0.00014,10.86875649583526
zh1_01_02,c8,hsv_v,256,powell,-4.15022947578305,5.55817,64.11550250233304,-9.30661,-0.29777,-0.00019,10.840030833476064
zh1_01_02,c8,hsv_v,256,Nelder-Mead,-4.172835375166038,5.53557,64.11602829744547,-9.30608,-0.29766,-8e-05,10.828005268720565
zh1_01_02,c8,pca,64,powell,-4.075030728580778,5.63337,63.97072867182044,-9.45138,-0.29694,0.00064,11.002887127370668
zh1_01_02,c8,pca,64,Nelder-Mead,-4.0795210247431015,5.62888,64.03915413300729,-9.38296,-0.29725,0.00033,10.941855678551777
zh1_01_02,c8,pca,128,powell,-4.037931912744334,5.67047,63.95310266524854,-9.46901,-0.29673,0.00085,11.037045582599646
zh1_01_02,c8,pca,128,Nelder-Mead,-4.080665192839824,5.62774,63.99397203841468,-9.42814,-0.2973,0.00028,10.980038757398114
zh1_01_02,c8,pca,256,powell,-3.9614047289268086,5.747,63.93404927021402,-9.48806,-0.29732,0.00026,11.092849872107744
zh1_01_02,c8,pca,256,Nelder-Mead,-4.109441285170298,5.59896,64.03282602603036,-9.38929,-0.29742,0.00016,10.931928401689042
zh1_01_02,c8,gray-gauss-3,64,powell,-4.2484137763104215,5.45999,64.1535982541796,-9.26851,-0.29842,-0.00084,10.757175507503637
zh1_01_02,c8,gray-gauss-3,64,Nelder-Mead,-4.036113576264903,5.67229,64.04569385318112,-9.37642,-0.29736,0.00022,10.958653176956734
zh1_01_02,c8,gray-gauss-3,128,powell,-3.9390201661369915,5.76938,63.85417660792763,-9.56794,-0.29671,0.00087,11.172786617585924
zh1_01_02,c8,gray-gauss-3,128,Nelder-Mead,-4.169863372487669,5.53854,64.07804658059729,-9.34407,-0.29778,-0.0002,10.862180955821653
zh1_01_02,c8,gray-gauss-3,256,powell,-4.180355837741402,5.52805,64.03604975631598,-9.38606,-0.29743,0.00015,10.893000749944711
zh1_01_02,c8,gray-gauss-3,256,Nelder-Mead,-4.12107889253511,5.58732,63.98115019251878,-9.44096,-0.29735,0.00023,10.970412292499216
zh1_01_02,c8,hsv_v-gauss-3,64,powell,-4.272211381544238,5.43619,64.18714600170304,-9.23497,-0.29717,0.00041,10.716192040754953
zh1_01_02,c8,hsv_v-gauss-3,64,Nelder-Mead,-4.39181562879611,5.31659,64.17836414203813,-9.24375,-0.29839,-0.00081,10.663628452657147
zh1_01_02,c8,hsv_v-gauss-3,128,powell,-4.157520364553939,5.55088,64.03895469266988,-9.38316,-0.2976,-2e-05,10.902106881662274
zh1_01_02,c8,hsv_v-gauss-3,128,Nelder-Mead,-4.120397606269485,5.588,64.0246130244999,-9.3975,-0.29757,1e-05,10.933379465089784
zh1_01_02,c8,hsv_v-gauss-3,256,powell,80.85317754658764,90.56158,-43.9971224316664,-117.41924,0.0488,0.34638,148.2857927943128
zh1_01_02,c8,hsv_v-gauss-3,256,Nelder-Mead,-4.136575995661815,5.57183,63.94963874301666,-9.47247,-0.29712,0.00046,10.98967703004268
zh1_01_02,c8,pca-gauss-3,64,powell,-3.9103242206096525,5.79808,63.84137400476558,-9.58074,-0.2966,0.00098,11.198582625825102
zh1_01_02,c8,pca-gauss-3,64,Nelder-Mead,-4.083079392177197,5.62532,63.928441825918554,-9.49367,-0.29676,0.00082,11.035127291942485
zh1_01_02,c8,pca-gauss-3,128,powell,85.52620294633662,95.2346,-46.415087806753306,-119.8372,0.07438,0.37196,153.0705212388775
zh1_01_02,c8,pca-gauss-3,128,Nelder-Mead,-4.103370951479192,5.60503,63.87351798282211,-9.54859,-0.29678,0.0008,11.072128405729629
zh1_01_02,c8,pca-gauss-3,256,powell,294.7271527286398,304.43555,1.6245246219710197,-71.79759,-0.69721,-0.39963,312.7873080518263
zh1_01_02,c8,pca-gauss-3,256,Nelder-Mead,-4.0556485137251315,5.65275,63.84939781436731,-9.57272,-0.2964,0.00118,11.117125774292566
zh1_01_02,c8,gray-gauss-5,64,powell,-3.986298827604159,5.7221,63.95088618580104,-9.47123,-0.29833,-0.00075,11.065558704532176
zh1_01_02,c8,gray-gauss-5,64,Nelder-Mead,-3.9363862062182804,5.77201,63.86203561663882,-9.56008,-0.29714,0.00044,11.16741837445708
zh1_01_02,c8,gray-gauss-5,128,powell,-4.393422966518976,5.31498,64.21315139566983,-9.20896,-0.29891,-0.00133,10.63268376986571
zh1_01_02,c8,gray-gauss-5,128,Nelder-Mead,-4.327613872129589,5.38079,64.11481785904587,-9.3073,-0.29818,-0.0006,10.7507493584328
zh1_01_02,c8,gray-gauss-5,256,powell,26.990620856396646,36.69902,38.130408496653246,-35.2917,-0.27076,0.02682,50.91485646139855
zh1_01_02,c8,gray-gauss-5,256,Nelder-Mead,-4.164269668589945,5.54413,63.90906499881308,-9.51305,-0.29705,0.00053,11.01069812867847
zh1_01_02,c8,hsv_v-gauss-5,64,powell,-4.002831912744334,5.70557,63.85643266524855,-9.56568,-0.29673,0.00085,11.13803203737892
zh1_01_02,c8,hsv_v-gauss-5,64,Nelder-Mead,-4.074973818839283,5.63343,63.99917497201031,-9.42294,-0.29702,0.00056,10.978490865926624
zh1_01_02,c8,hsv_v-gauss-5,128,powell,-4.245392324195457,5.46301,64.04785050240187,-9.37426,-0.29791,-0.00033,10.84994285568042
zh1_01_02,c8,hsv_v-gauss-5,128,Nelder-Mead,-4.281871308771414,5.42653,63.91858790984696,-9.50353,-0.29788,-0.0003,10.943683676495985
zh1_01_02,c8,hsv_v-gauss-5,256,powell,-4.203745895833961,5.50466,63.871657694191924,-9.55046,-0.29726,0.00032,11.023267353353981
zh1_01_02,c8,hsv_v-gauss-5,256,Nelder-Mead,-4.182799120822892,5.5256,63.88253830432504,-9.53957,-0.29703,0.00055,11.024325842612248
zh1_01_02,c8,pca-gauss-5,64,powell,-4.059558149950242,5.64884,63.79926729285907,-9.62285,-0.29681,0.00077,11.158341445960634
zh1_01_02,c8,pca-gauss-5,64,Nelder-Mead,-4.173950371575145,5.53445,63.85488349654702,-9.56723,-0.29744,0.00014,11.05269301612935
zh1_01_02,c8,pca-gauss-5,128,powell,-4.193056402516831,5.51534,63.80601948329195,-9.61609,-0.29718,0.0004,11.085498604953646
zh1_01_02,c8,pca-gauss-5,128,Nelder-Mead,-4.188836299057499,5.51956,63.81244350914699,-9.60967,-0.29722,0.00036,11.082027837088662
zh1_01_02,c8,pca-gauss-5,256,powell,-4.380050109882696,5.32835,64.01289684018579,-9.40922,-0.2982,-0.00062,10.813171169544779
zh1_01_02,c8,pca-gauss-5,256,Nelder-Mead,-4.098802554774828,5.6096,63.711315731817905,-9.7108,-0.29624,0.00134,11.21459660710814
zh1_01_02,c8,gray-gauss-7,64,powell,-3.6925666857275417,6.01583,63.515201690971224,-9.90691,-0.29584,0.00174,11.590390542809395
zh1_01_02,c8,gray-gauss-7,64,Nelder-Mead,-3.8861742543947173,5.82223,63.60496873362365,-9.81714,-0.29644,0.00114,11.413791858087995
zh1_01_02,c8,gray-gauss-7,128,powell,-4.110490396692207,5.59791,63.76027843743671,-9.66183,-0.29729,0.00029,11.166362389069231
zh1_01_02,c8,gray-gauss-7,128,Nelder-Mead,-4.112869970251417,5.59553,63.767835649340526,-9.65428,-0.29731,0.00027,11.158630625505856
zh1_01_02,c8,gray-gauss-7,256,powell,-4.074743188360479,5.63366,63.61997255772056,-9.80214,-0.29689,0.00069,11.305753240501236
zh1_01_02,c8,gray-gauss-7,256,Nelder-Mead,-4.104788463015666,5.60361,63.60149572102026,-9.82062,-0.29664,0.00094,11.30685614776334
zh1_01_02,c8,hsv_v-gauss-7,64,powell,-8.107955602472003,1.60045,65.54861960643984,-7.87349,-0.31326,-0.01568,8.034508230016264
zh1_01_02,c8,hsv_v-gauss-7,64,Nelder-Mead,-7.841352882068456,1.86705,63.63760458111298,-9.78451,-0.30772,-0.01014,9.96104774542236
zh1_01_02,c8,hsv_v-gauss-7,128,powell,-4.151742887514374,5.55666,63.74299120434591,-9.67912,-0.29738,0.0002,11.160727882883995
zh1_01_02,c8,hsv_v-gauss-7,128,Nelder-Mead,-4.161649383030181,5.54675,63.79565100684471,-9.62646,-0.29746,0.00012,11.110140538069732
zh1_01_02,c8,hsv_v-gauss-7,256,powell,-4.015101761866816,5.6933,63.53581053978499,-9.8863,-0.29569,0.00189,11.408445612177477
zh1_01_02,c8,hsv_v-gauss-7,256,Nelder-Mead,-4.0147016906505755,5.6937,63.547126014055124,-9.87499,-0.29586,0.00172,11.398841104953515
zh1_01_02,c8,pca-gauss-7,64,powell,-3.9973904041292982,5.71101,63.42522261194068,-9.99689,-0.29565,0.00193,11.51318627384387
zh1_01_02,c8,pca-gauss-7,64,Nelder-Mead,-4.04801679011895,5.66038,63.47236723524492,-9.94975,-0.29557,0.00201,11.447156367871075
zh1_01_02,c8,pca-gauss-7,128,powell,-4.080816422997515,5.62758,63.449057949162636,-9.97305,-0.29552,0.00206,11.451267787289991
zh1_01_02,c8,pca-gauss-7,128,Nelder-Mead,-4.076966685727541,5.63143,63.46878169097121,-9.95333,-0.29584,0.00174,11.435989476412214
zh1_01_02,c8,pca-gauss-7,256,powell,-3.64615575335813,6.06225,62.864058709071884,-10.55805,-0.29293,0.00465,12.174700262834127
zh1_01_02,c8,pca-gauss-7,256,Nelder-Mead,-3.7886232044808636,5.91978,63.155764702629114,-10.26635,-0.29423,0.00335,11.850809052523747
